URL,PageRank
https://www.untref.edu.ar,0.0012924202340901965
https://untref.edu.ar,0.0013610798597932345
https://untref.edu.ar/autoridades,0.0013206399593143963
https://untref.edu.ar/sedes,0.0024150048600727683
https://untref.edu.ar/docentes_departamento,0.0013479442283828953
https://untref.edu.ar/untref-en-cifras,0.0013479442283828953
https://untref.edu.ar/llamado-a-concurso-cerrado-de-oposicion-y-antecedentes-para-cubrir-cargos-del-personal-no-docente,0.0013479442283828953
https://untref.edu.ar/autoevaluacion-institucional,0.0013479442283828953
https://untref.edu.ar/normativa-institucional,0.0013479442283828953
https://untref.edu.ar/comunicacion-y-prensa,0.0013479442283828953
https://untref.edu.ar/elecciones-untref-2024,0.0013479442283828953
https://untref.edu.ar/comite-interdisciplinario-de-violencia-de-g%C3%A9nero,0.0013479442283828953
https://untref.edu.ar/untref-saludable,0.0013479442283828953
https://untref.edu.ar/covid,0.0013479442283828953
https://untref.edu.ar/estudiar-en-untref,0.0013479442283828953
https://untref.edu.ar/carreras,0.0013479442283828953
https://untref.edu.ar/departamento-de-alumnos,0.0013479442283828953
https://untref.edu.ar/posgrados,0.0013479442283828953
https://untref.edu.ar/alumnos-de-posgrado,0.0013479442283828953
https://untref.edu.ar/catedra-unesco-de-educacion-superior-y-pueblos-indigenas-y-afrodescendientes-en-america-latina,0.0013479442283828953
https://untref.edu.ar/secretaria-academica,0.0013479442283828953
https://untref.edu.ar/soevo-orientacion-vocacional,0.0013479442283828953
https://untref.edu.ar/tutoriales,0.0013479442283828953
https://untref.edu.ar/untref-deportes,0.0013479442283828953
https://untref.edu.ar/untref-corre,0.0013479442283828953
https://untref.edu.ar/talleres-y-seminarios,0.0013479442283828953
https://untref.edu.ar/cursos,0.0013479442283828953
https://untref.edu.ar/doble-carrera-deporte-universidad,0.0013479442283828953
https://lingua.untref.edu.ar,0.0012924202340901965
https://untref.edu.ar/trio-de-cuerdas-untref-extension,0.0013479442283828953
https://untref.edu.ar/escuela-de-tango-y-danzas-tradicionales,0.0013479442283828953
https://untref.edu.ar/investigacion-y-desarrollo,0.0013479442283828953
https://untref.edu.ar/institutos,0.0013479442283828953
https://untref.edu.ar/programa-de-estudios-posdoctorales,0.0013479442283828953
https://untref.edu.ar/convocatorias,0.0013479442283828953
https://untref.edu.ar/ventanillas,0.0013479442283828953
https://untref.edu.ar/sigeva-cvar,0.0013479442283828953
https://untref.edu.ar/unidades-de-investigacion-untref,0.0013479442283828953
https://untref.edu.ar/vigilancia-tecnologica-y-propiedad-intelectual,0.0013479442283828953
https://untref.edu.ar/study-abroad,0.0013479442283828953
https://untref.edu.ar/cooperacion-internacional,0.0013479442283828953
https://untref.edu.ar/suscripcion,0.0013479442283828953
https://untref.edu.ar/uploads/Documentos/calendario-academico-2024.pdf,0.0013206399593143963
https://untref.edu.ar/muntref/,0.0012924202340901965
https://untref.edu.ar/muntref/es/muestras/nuevo-vitral-de-luis-felipe-noe-en-muntref-inmigrantes/,0.0012924202340901965
https://untref.edu.ar/muntref/es/noticias/una-nueva-exposicion-en-el-centro-de-arte-contemporaneo-de-la-untref-recupera-el-arte-textil-argentino-de-la-segunda-mitad-del-siglo-xx/,0.0012924202340901965
https://untref.edu.ar/muntref/es/noticias/muntref-recorridos-virtuales-unicos-en-la-region/,0.0012924202340901965
https://untref.edu.ar/muntref/es,0.0012924202340901965
https://untref.edu.ar/muntref/es/autoridades-muntref,0.0012924202340901965
https://untref.edu.ar/muntref/es/acerca-de-muntref,0.0012924202340901965
https://untref.edu.ar/muntref/es/archivo-de-muestras/a2024,0.0012924202340901965
https://untref.edu.ar/muntref/es/recorridos-virtuales,0.0012924202340901965
https://untref.edu.ar/muntref/es/educacion,0.0012924202340901965
https://untref.edu.ar/muntref/es/ubicacion,0.0012924202340901965
https://untref.edu.ar/muntref/es/prensa,0.0012924202340901965
https://untref.edu.ar/muntref/es/contacto,0.0012924202340901965
https://untref.edu.ar/muntref/es/muestras/correspondencias-transmodales,0.0012924202340901965
https://untref.edu.ar/muntref/es/muestras/analisis-y-representacion-sensible-de-datos-ayrsd,0.0012924202340901965
https://untref.edu.ar/muntref/es/muestras/intercambios-transorganicos,0.0012924202340901965
https://untref.edu.ar/muntref/es/muestras/sierva-tecnociencia-al-servicio-de-aberracion-opticas,0.0012924202340901965
https://untref.edu.ar/muntref/es/noticias/colaboracion-con-el-museo-italiano-de-melbourne/,0.0012924202340901965
https://untref.edu.ar/muntref/es/muestras/baile-circular,0.0012924202340901965
https://untref.edu.ar/muntref/es/muestras/azucena-miralles-memoria-andina-archivo-del-arte-textil-en-buenos-aires-1963-1981,0.0012924202340901965
https://untref.edu.ar/muntref/es/muestras/entre-los-tiempos,0.0012924202340901965
https://untref.edu.ar/muntref/es/muestras/todo-y-nada-estan-ahi-para-ser-dichos,0.0012924202340901965
https://untref.edu.ar/muntref/es/muestras/del-mediterraneo-oriental-al-plata,0.0012924202340901965
https://untref.edu.ar/muntref/es/muestras/para-todos-los-hombres-del-mundo-2,0.0012924202340901965
https://untref.edu.ar/muntref/es/noticias/nuevo-vitral-de-luis-felipe-noe-en-muntref-inmigrantes/,0.0012924202340901965
https://untref.edu.ar/muntref/es/noticias/exposicion-sobre-la-cultura-lucana-en-el-muntref-inmigrantes/,0.0012924202340901965
https://untref.edu.ar/muntref/es/noticias/una-nueva-exposicion-en-el-centro-de-arte-contemporaneo-de-la-untref-recupera-el-arte-textil-argentino-de-la-segunda-mitad-del-siglo-xx-2/,0.0012924202340901965
https://untref.edu.ar/muntref/es/noticias/desde-junio-dos-nuevas-exposiciones-integran-la-programacion-de-muntref/,0.0012924202340901965
https://untref.edu.ar/muntref/es/,0.0012924202340901965
https://untref.edu.ar/muntref/es/arte-y-naturaleza,0.0012924202340901965
https://untref.edu.ar/muntref/es/arte-y-ciencia,0.0012924202340901965
https://untref.edu.ar/muntref/es/museo-de-la-inmigracion,0.0012924202340901965
https://untref.edu.ar/muntref/es/centro-de-arte-contemporaneo,0.0012924202340901965
https://untref.edu.ar/muntref/es/museo-de-artes-visuales,0.0012924202340901965
https://untref.edu.ar/muntref/es/archivo-de-muestras/a2020,0.0012924202340901965
https://untref.edu.ar/muntref/en,0.0012924202340901965
https://untref.edu.ar/muntref/en/muestras/the-gestures-of-work/,0.0012924202340901965
https://untref.edu.ar/muntref/en/muestras/for-all-people-in-the-world/,0.0012924202340901965
https://untref.edu.ar/muntref/en/noticias/muntref-unique-virtual-tours-in-the-region/,0.0012924202340901965
https://untref.edu.ar/muntref/en/authorities,0.0012924202340901965
https://untref.edu.ar/muntref/en/about-muntref,0.0012924202340901965
https://untref.edu.ar/muntref/en/exhibition-files/a2024,0.0012924202340901965
https://untref.edu.ar/muntref/en/virtual-tours,0.0012924202340901965
https://untref.edu.ar/muntref/en/education,0.0012924202340901965
https://untref.edu.ar/muntref/en/location,0.0012924202340901965
https://untref.edu.ar/muntref/en/press,0.0012924202340901965
https://untref.edu.ar/muntref/en/contact,0.0012924202340901965
https://untref.edu.ar/muntref/en/muestras/crossmodal-correspondences-2,0.0012924202340901965
https://untref.edu.ar/muntref/en/muestras/crossmodal-correspondences,0.0012924202340901965
https://untref.edu.ar/muntref/en/muestras/transorganic-exchanges,0.0012924202340901965
https://untref.edu.ar/muntref/en/muestras/sierva-technoscience-for-optical-aberrations,0.0012924202340901965
https://untref.edu.ar/muntref/en/noticias/the-center-for-art-and-nature-ideas-laboratory/,0.0012924202340901965
https://untref.edu.ar/muntref/en/muestras/from-the-eastern-mediterranean-to-the-plata,0.0012924202340901965
https://untref.edu.ar/muntref/en/muestras/for-all-people-in-the-world,0.0012924202340901965
https://untref.edu.ar/muntref/en/noticias/the-muntref-museum-view-app-has-incorporated-new-immersive-experiences/,0.0012924202340901965
https://untref.edu.ar/muntref/en/,0.0012924202340901965
https://untref.edu.ar/muntref/en/center-of-art-and-nature,0.0012924202340901965
https://untref.edu.ar/muntref/en/center-of-art-and-science,0.0012924202340901965
https://untref.edu.ar/muntref/en/museum-of-immigration,0.0012924202340901965
https://untref.edu.ar/muntref/en/center-of-contemporary-art,0.0012924202340901965
https://untref.edu.ar/muntref/en/museum-of-visual-arts,0.0012924202340901965
https://untref.edu.ar/muntref/en/exhibition-files/a2020,0.0012924202340901965
https://untref.edu.ar/muntref/en/educacion,0.0012924202340901965
https://untref.edu.ar/mundountref/las-inscripciones-para-las-carreras-de-grado-2025-comenzaran-el-7-de-octubre,0.0013206399593143963
https://untref.edu.ar/mundountref/eric-sadin-el-origen-de-la-locura-es-cuando-ya-nadie-cree-en-nada,0.0024150048600727683
https://untref.edu.ar/mundountref/crisis-economica-la-argentina-decrece-en-una-region-que-intenta-prosperar,0.002319614128505122
https://untref.edu.ar/mundountref/el-curso-de-ingreso-sera-intensivo-y-abarcara-los-meses-de-febrero-y-marzo,0.002319614128505122
https://untref.edu.ar/mundountref/katopodis-y-kaufmann-firmaron-un-acuerdo-para-terminar-el-campus-de-la-sede-lynch,0.0013206399593143963
https://untref.edu.ar/mundountref/en-la-colacion-de-grado-y-posgrado-martin-kaufmann-llamo-a-defender-la-universidad-publica,0.0013206399593143963
https://untref.edu.ar/mundountref/la-revista-ciencia-hoy-continuara-editandose-por-la-untref,0.0013206399593143963
https://untref.edu.ar/mundountref/ya-funciona-en-el-chalten-el-aerogenerador-creado-por-investigadores-de-la-untref,0.0013206399593143963
https://untref.edu.ar/mundountref/coctel-peligroso-aumento-del-crimen-e-insuficientes-respuestas-gubernamentales,0.0013206399593143963
https://untref.edu.ar/mundountref/untref-25-anos-como-se-gesto-una-nueva-identidad-universitaria-en-la-argentina,0.0013206399593143963
https://untref.edu.ar/mundountref/la-untref-y-el-municipio-de-tigre-firman-un-convenio-de-proteccion-medioambiental,0.0013206399593143963
https://untref.edu.ar/mundountref/empezo-el-nuevo-ciclo-de-conferencias-sobre-migraciones-internacionales,0.0013206399593143963
https://untref.edu.ar/mundountref/una-apuesta-necesaria-a-la-educacion-financiera-para-jovenes,0.0013206399593143963
https://untref.edu.ar/mundountref,0.0013206399593143963
https://untref.edu.ar/mundountref/cat/institucional,0.001348549465389325
https://untref.edu.ar/mundountref/cat/academico,0.001348549465389325
https://untref.edu.ar/mundountref/cat/internacional,0.001348549465389325
https://untref.edu.ar/mundountref/cat/arte-cultura,0.001348549465389325
https://untref.edu.ar/mundountref/cat/comunidad,0.001348549465389325
https://untref.edu.ar/mundountref/cat/audiovisual,0.001348549465389325
https://untref.edu.ar/mundountref/cat/podcast,0.001348549465389325
https://untref.edu.ar/mundountref/la-untref-marcho-en-defensa-de-la-universidad-publica,0.001348549465389325
https://untref.edu.ar/mundountref/consumo-problematico-de-juegos-y-apuestas-una-droga-digital-para-los-jovenes,0.001348549465389325
https://untref.edu.ar/mundountref/la-untref-fue-sede-de-la-semana-de-las-artes,0.001348549465389325
https://untref.edu.ar/mundountref/expountref-mas-de-1500-visitantes-y-un-fuerte-respaldo-a-la-educacion-publica,0.001348549465389325
https://untref.edu.ar/mundountref/tags/bienalsur,0.001348549465389325
https://untref.edu.ar/mundountref/lanzaron-la-convocatoria-abierta-internacional-rumbo-a-bienalsur-2025,0.001348549465389325
https://untref.edu.ar/mundountref/espana-y-bienalsur-una-reflexion-critica-sobre-la-actualidad-desde-la-mirada-del-arte,0.001348549465389325
https://untref.edu.ar/mundountref/la-untref-lleva-la-bienalsur-a-la-asamblea-anual-de-la-unesco,0.001348549465389325
https://untref.edu.ar/mundountref/tags/,0.0012924202340901965
https://untref.edu.ar/mundountref/tags/administracion-de-empresas,0.0012924202340901965
https://untref.edu.ar/mundountref/tags/administracion-publica,0.0012924202340901965
https://untref.edu.ar/mundountref/tags/administracion-y-gestion-de-politicas-sociales,0.0012924202340901965
https://untref.edu.ar/mundountref/tags/ajedrez,0.0012924202340901965
https://untref.edu.ar/mundountref/tags/alumnos,0.0012924202340901965
https://untref.edu.ar/mundountref/tags/america-latina,0.0012924202340901965
https://untref.edu.ar/mundountref/tags/arte,0.0012924202340901965
https://untref.edu.ar/mundountref/tags/artes-del-circo,0.0012924202340901965
https://untref.edu.ar/mundountref/tags/artes-electronicas,0.0012924202340901965
https://untref.edu.ar/mundountref/tags/becas,0.0012924202340901965
https://untref.edu.ar/mundountref/tags/biblioteca-y-centros-de-documentacion,0.0012924202340901965
https://untref.edu.ar/mundountref/tags/carrera-tag-test,0.0012924202340901965
https://untref.edu.ar/mundountref/tags/carreras,0.0012924202340901965
https://untref.edu.ar/mundountref/tags/cees,0.0012924202340901965
https://untref.edu.ar/mundountref/tags/ceiarte,0.0012924202340901965
https://untref.edu.ar/mundountref/tags/ceipsu,0.0012924202340901965
https://untref.edu.ar/mundountref/tags/celiv,0.0012924202340901965
https://untref.edu.ar/mundountref/tags/charlas,0.0012924202340901965
https://untref.edu.ar/mundountref/tags/ciclo-de-conciertos-para-ensambles,0.0012924202340901965
https://untref.edu.ar/mundountref/tags/cidem,0.0012924202340901965
https://untref.edu.ar/mundountref/tags/ciea,0.0012924202340901965
https://untref.edu.ar/mundountref/tags/ciencias-de-la-educacion,0.0012924202340901965
https://untref.edu.ar/mundountref/tags/cine,0.0012924202340901965
https://untref.edu.ar/mundountref/tags/cinea,0.0012924202340901965
https://untref.edu.ar/mundountref/tags/circo,0.0012924202340901965
https://untref.edu.ar/mundountref/tags/cistas,0.0012924202340901965
https://untref.edu.ar/mundountref/tags/cistas-1,0.0012924202340901965
https://untref.edu.ar/mundountref/tags/coloquios,0.0012924202340901965
https://untref.edu.ar/mundountref/tags/competencias,0.0012924202340901965
https://untref.edu.ar/mundountref/tags/computacion,0.0012924202340901965
https://untref.edu.ar/mundountref/tags/comunicacion-politica,0.0012924202340901965
https://untref.edu.ar/mundountref/tags/diplomatura-en-comunicacion-politica-y-de-gobierno,0.0012924202340901965
https://untref.edu.ar/mundountref/tags/comunicado,0.0012924202340901965
https://untref.edu.ar/mundountref/tags/concierto,0.0012924202340901965
https://untref.edu.ar/mundountref/tags/concurso,0.0012924202340901965
https://untref.edu.ar/mundountref/tags/conferencia-completa,0.0012924202340901965
https://untref.edu.ar/mundountref/tags/conferencias,0.0012924202340901965
https://untref.edu.ar/mundountref/tags/congreso,0.0012924202340901965
https://untref.edu.ar/mundountref/tags/contraluz-cine,0.0012924202340901965
https://untref.edu.ar/mundountref/tags/convenio,0.0012924202340901965
https://untref.edu.ar/mundountref/tags/cuarteto-de-cuerdas,0.0012924202340901965
https://untref.edu.ar/mundountref/tags/cuerpo-de-obra,0.0012924202340901965
https://untref.edu.ar/mundountref/tags/cultura,0.0012924202340901965
https://untref.edu.ar/mundountref/tags/curaduria,0.0012924202340901965
https://untref.edu.ar/mundountref/tags/curso-de-genetica-y-derechos-humanos,0.0012924202340901965
https://untref.edu.ar/mundountref/tags/curso-de-posgrado-en-gestion-del-patrimonio-cultural,0.0012924202340901965
https://untref.edu.ar/mundountref/tags/curso-de-posgrado-en-industrias-culturales-claves-para-su-gestion-y-desarrollo,0.0012924202340901965
https://untref.edu.ar/mundountref/tags/curso-de-posgrado-en-integracion-latinoamericana-y-dilemas-de-insercion-internacional-de-la-region,0.0012924202340901965
https://untref.edu.ar/mundountref/tags/curso-de-posgrado-en-negociacion,0.0012924202340901965
https://untref.edu.ar/mundountref/tags/politicas-y-gestion-del-sector-agroalimentario,0.0012924202340901965
https://untref.edu.ar/mundountref/tags/sistemas-de-calidad-y-comercio-internacional-de-los-alimentos,0.0012924202340901965
https://untref.edu.ar/mundountref/tags/curso-interdisciplinario-de-posgrado-metodologia-non-standard,0.0012924202340901965
https://untref.edu.ar/mundountref/tags/curso-sobre-sistema-financiero-y-deuda-publica-origen-estado-actual-e-implicancias-del-conflicto-con-los-fondos-buitres,0.0012924202340901965
https://untref.edu.ar/mundountref/tags/cursos,0.0012924202340901965
https://untref.edu.ar/mundountref/tags/ddhh,0.0012924202340901965
https://untref.edu.ar/mundountref/tags/deportes,0.0012924202340901965
https://untref.edu.ar/mundountref/tags/desarrollo-infantil,0.0012924202340901965
https://untref.edu.ar/mundountref/tags/destacados,0.0012924202340901965
https://untref.edu.ar/mundountref/tags/dia-nacional,0.0012924202340901965
https://untref.edu.ar/mundountref/tags/diplomatura-en-ulceras-y-heridas,0.0012924202340901965
https://untref.edu.ar/mundountref/tags/diplomatura-en-atencion-primaria-de-la-salud-aps,0.0012924202340901965
https://untref.edu.ar/mundountref/tags/diplomatura-en-ergonomia,0.0012924202340901965
https://untref.edu.ar/mundountref/tags/diplomatura-en-inclusion-escolar-con-orientacion-en-tes-trastornos-emocionales-severos,0.0012924202340901965
https://untref.edu.ar/mundountref/tags/diplomatura-en-marketing-deportivo,0.0012924202340901965
https://untref.edu.ar/mundountref/tags/diplomatura-en-negociacion-y-metodos-adecuados-de-resolucion-de-conflictos-laborales,0.0012924202340901965
https://untref.edu.ar/mundountref/tags/diplomatura-en-Relaciones-Sindicales-Internacionales,0.0012924202340901965
https://untref.edu.ar/mundountref/tags/diplomatura-superior-en-análisis-institucional-y-organizaciones-educativas,0.0012924202340901965
https://untref.edu.ar/mundountref/tags/diplomatura-universitaria-en-ensenanza-del-ajedrez,0.0012924202340901965
https://untref.edu.ar/mundountref/tags/diplomaturas,0.0012924202340901965
https://untref.edu.ar/mundountref/tags/direccion-de-instituciones-educativas,0.0012924202340901965
https://untref.edu.ar/mundountref/tags/doc-untref,0.0012924202340901965
https://untref.edu.ar/mundountref/tags/docentes,0.0012924202340901965
https://untref.edu.ar/mundountref/tags/doctorado-en-derecho-del-trabajo,0.0012924202340901965
https://untref.edu.ar/mundountref/tags/doctorado-en-educacion,0.0012924202340901965
https://untref.edu.ar/mundountref/tags/doctorado-en-epistemologia-e-historia-de-la-ciencia,0.0012924202340901965
https://untref.edu.ar/mundountref/tags/doctorado-en-historia,0.0012924202340901965
https://untref.edu.ar/mundountref/tags/doctorado-en-política-y-gestion-de-la-educación-superior,0.0012924202340901965
https://untref.edu.ar/mundountref/tags/doctorado-en-teoria-comparada-de-las-artes,0.0012924202340901965
https://untref.edu.ar/mundountref/tags/documental,0.0012924202340901965
https://untref.edu.ar/mundountref/tags/economia,0.0012924202340901965
https://untref.edu.ar/mundountref/tags/educacion,0.0012924202340901965
https://untref.edu.ar/mundountref/tags/educacion-de-la-primera-infancia,0.0012924202340901965
https://untref.edu.ar/mundountref/tags/educacion-intercultural,0.0012924202340901965
https://untref.edu.ar/mundountref/tags/educacion-secundaria,0.0012924202340901965
https://untref.edu.ar/mundountref/tags/eduntref,0.0012924202340901965
https://untref.edu.ar/mundountref/tags/enfermeria-2,0.0012924202340901965
https://untref.edu.ar/mundountref/tags/enfermeria,0.0012924202340901965
https://untref.edu.ar/mundountref/tags/ensenanza-de-baile-de-tango,0.0012924202340901965
https://untref.edu.ar/mundountref/tags/ensenanza-superior-en-ciencias-de-la-salud,0.0012924202340901965
https://untref.edu.ar/mundountref/tags/entrevistas,0.0012924202340901965
https://untref.edu.ar/mundountref/tags/escritura-creativa,0.0012924202340901965
https://untref.edu.ar/mundountref/tags/especializacion-en-diseno-conceptual,0.0012924202340901965
https://untref.edu.ar/mundountref/tags/especializacion-en-docencia-universitaria,0.0012924202340901965
https://untref.edu.ar/mundountref/tags/especializacion-en-economia-y-negocios-con-asia-del-pacifico-e-india,0.0012924202340901965
https://untref.edu.ar/mundountref/tags/estudios-afroamericanos,0.0012924202340901965
https://untref.edu.ar/mundountref/tags/estudios-arabes-americano-arabes-e-islamicos,0.0012924202340901965
https://untref.edu.ar/mundountref/tags/especializacion-en-estudios-indoamericanos,0.0012924202340901965
https://untref.edu.ar/mundountref/tags/estudios-judaicos-y-judeoamericanos,0.0012924202340901965
https://untref.edu.ar/mundountref/tags/especializacion-en-gestion-de-la-tecnologia-y-la-innovacion,0.0012924202340901965
https://untref.edu.ar/mundountref/tags/especializacion-en-gestion-de-lenguas,0.0012924202340901965
https://untref.edu.ar/mundountref/tags/especializacion-en-gestion-logistica-calidad-y-comercio-internacional-con-orientacion-en-alimentos,0.0012924202340901965
https://untref.edu.ar/mundountref/tags/especializacion-en-gestion-para-la-defensa,0.0012924202340901965
https://untref.edu.ar/mundountref/tags/especializacion-en-gestion-publica,0.0012924202340901965
https://untref.edu.ar/mundountref/tags/especializacion-en-industrias-culturales-en-la-convergencia-digital-2,0.0012924202340901965
https://untref.edu.ar/mundountref/tags/especializacion-en-infancia-temprana-y-practicas-institucionales,0.0012924202340901965
https://untref.edu.ar/mundountref/tags/especializacion-en-intervencion-y-gestion-gerontologica,0.0012924202340901965
https://untref.edu.ar/mundountref/tags/especializacion-en-politicas-agroalimentarias,0.0012924202340901965
https://untref.edu.ar/mundountref/tags/especializacion-en-politicas-sociales-urbanas,0.0012924202340901965
https://untref.edu.ar/mundountref/tags/especializacion-en-tributacion-local,0.0012924202340901965
https://untref.edu.ar/mundountref/tags/orientacion-vocacional-y-educativa,0.0012924202340901965
https://untref.edu.ar/mundountref/tags/especializacion-y-diplomatura-en-derechos-humanos,0.0012924202340901965
https://untref.edu.ar/mundountref/tags/especializacion-y-maestria-en-curaduria-en-artes-visuales,0.0012924202340901965
https://untref.edu.ar/mundountref/tags/estacion-untref,0.0012924202340901965
https://untref.edu.ar/mundountref/tags/estadistica,0.0012924202340901965
https://untref.edu.ar/mundountref/tags/estadistica-1,0.0012924202340901965
https://untref.edu.ar/mundountref/tags/estadistica-2,0.0012924202340901965
https://untref.edu.ar/mundountref/tags/estrenos,0.0012924202340901965
https://untref.edu.ar/mundountref/tags/eventos,0.0012924202340901965
https://untref.edu.ar/mundountref/tags/extension,0.0012924202340901965
https://untref.edu.ar/mundountref/tags/festival,0.0012924202340901965
https://untref.edu.ar/mundountref/tags/ficcion,0.0012924202340901965
https://untref.edu.ar/mundountref/tags/filosofia,0.0012924202340901965
https://untref.edu.ar/mundountref/tags/flisol,0.0012924202340901965
https://untref.edu.ar/mundountref/tags/fotografia,0.0012924202340901965
https://untref.edu.ar/mundountref/tags/futbol,0.0012924202340901965
https://untref.edu.ar/mundountref/tags/galeria-de-fotos,0.0012924202340901965
https://untref.edu.ar/mundountref/tags/genero,0.0012924202340901965
https://untref.edu.ar/mundountref/tags/genocidio,0.0012924202340901965
https://untref.edu.ar/mundountref/tags/geografia-complementacion,0.0012924202340901965
https://untref.edu.ar/mundountref/tags/geografia,0.0012924202340901965
https://untref.edu.ar/mundountref/tags/diplomatura-en-gestion-de-calidad-en-instituciones-de-salud,0.0012924202340901965
https://untref.edu.ar/mundountref/tags/gestion-del-arte-y-la-cultura,0.0012924202340901965
https://untref.edu.ar/mundountref/tags/gestion-del-deporte-complementacion,0.0012924202340901965
https://untref.edu.ar/mundountref/tags/gestion-educativa,0.0012924202340901965
https://untref.edu.ar/mundountref/tags/gestion-y-docencia-para-la-educacion-superior,0.0012924202340901965
https://untref.edu.ar/mundountref/tags/gestion-y-evaluacion-de-instituciones-educativas,0.0012924202340901965
https://untref.edu.ar/mundountref/tags/graduados,0.0012924202340901965
https://untref.edu.ar/mundountref/tags/hibridos,0.0012924202340901965
https://untref.edu.ar/mundountref/tags/higiene-y-seguridad-del-trabajo,0.0012924202340901965
https://untref.edu.ar/mundountref/tags/historia,0.0012924202340901965
https://untref.edu.ar/mundountref/tags/hockey,0.0012924202340901965
https://untref.edu.ar/mundountref/tags/honoris-causa,0.0012924202340901965
https://untref.edu.ar/mundountref/tags/iiac,0.0012924202340901965
https://untref.edu.ar/mundountref/tags/infancia,0.0012924202340901965
https://untref.edu.ar/mundountref/tags/ingenieria,0.0012924202340901965
https://untref.edu.ar/mundountref/tags/ingenieria-ambiental,0.0012924202340901965
https://untref.edu.ar/mundountref/tags/ingenieria-de-sonido,0.0012924202340901965
https://untref.edu.ar/mundountref/tags/ingenieria-en-computacion,0.0012924202340901965
https://untref.edu.ar/mundountref/tags/institucional,0.0012924202340901965
https://untref.edu.ar/mundountref/tags/instituto-tag-test,0.0012924202340901965
https://untref.edu.ar/mundountref/tags/instrumentacion-quirurgica,0.0012924202340901965
https://untref.edu.ar/mundountref/tags/internacional,0.0012924202340901965
https://untref.edu.ar/mundountref/tags/investigacion,0.0012924202340901965
https://untref.edu.ar/mundountref/tags/iommi,0.0012924202340901965
https://untref.edu.ar/mundountref/tags/libro,0.0012924202340901965
https://untref.edu.ar/mundountref/tags/literatura,0.0012924202340901965
https://untref.edu.ar/mundountref/tags/logistica,0.0012924202340901965
https://untref.edu.ar/mundountref/tags/maestria,0.0012924202340901965
https://untref.edu.ar/mundountref/tags/maestria-en-abogacia-del-estado,0.0012924202340901965
https://untref.edu.ar/mundountref/tags/maestria-en-analisis-politico,0.0012924202340901965
https://untref.edu.ar/mundountref/tags/maestria-en-creacion-musical-nuevas-tecnologias-y-artes-tradicionales,0.0012924202340901965
https://untref.edu.ar/mundountref/tags/maestria-en-derecho-del-trabajo-y-relaciones-laborales-internacionales,0.0012924202340901965
https://untref.edu.ar/mundountref/tags/maestría-en-derechos-humanos-estado-y-sociedad,0.0012924202340901965
https://untref.edu.ar/mundountref/tags/maestria-en-diversidad-cultural,0.0012924202340901965
https://untref.edu.ar/mundountref/tags/maestria-en-ensenanza-de-la-historia,0.0012924202340901965
https://untref.edu.ar/mundountref/tags/maestria-en-epistemologia-e-historia-de-la-ciencia,0.0012924202340901965
https://untref.edu.ar/mundountref/tags/maestria-en-escritura-creativa,0.0012924202340901965
https://untref.edu.ar/mundountref/tags/maestria-en-escritura-creativa-trabajos,0.0012924202340901965
https://untref.edu.ar/mundountref/tags/maestria-en-estudios-literarios-latinoamericanos,0.0012924202340901965
https://untref.edu.ar/mundountref/tags/maestria-en-estudios-y-politicas-de-genero,0.0012924202340901965
https://untref.edu.ar/mundountref/tags/maestria-en-generacion-y-analisis-de-informacion-estadistica,0.0012924202340901965
https://untref.edu.ar/mundountref/tags/maestria-en-gestion-de-lenguas,0.0012924202340901965
https://untref.edu.ar/mundountref/tags/maestria-en-gestion-y-evaluacion-de-la-educacion,0.0012924202340901965
https://untref.edu.ar/mundountref/tags/maestria-en-historia,0.0012924202340901965
https://untref.edu.ar/mundountref/tags/maestria-en-integracion-latinoamericana,0.0012924202340901965
https://untref.edu.ar/mundountref/tags/maestria-en-metodologia-de-la-investigacion-social-2,0.0012924202340901965
https://untref.edu.ar/mundountref/tags/maestria-en-periodismo-documental,0.0012924202340901965
https://untref.edu.ar/mundountref/tags/maestria-en-politicas-sociales-urbanas,0.0012924202340901965
https://untref.edu.ar/mundountref/tags/maestria-en-politicas-y-administracion-de-la-educacion,0.0012924202340901965
https://untref.edu.ar/mundountref/tags/maestria-en-politicas-y-gestion-de-las-migraciones-internacionales,0.0012924202340901965
https://untref.edu.ar/mundountref/tags/maestria-en-relaciones-comerciales-internacionales,0.0012924202340901965
https://untref.edu.ar/mundountref/tags/maestria-en-sociologia-politica-internacional,0.0012924202340901965
https://untref.edu.ar/mundountref/tags/maestria-en-tecnologia-y-estetica-de-las-artes-electronicas,0.0012924202340901965
https://untref.edu.ar/mundountref/tags/maestria-en-teoria-social-e-investigacion-empirica,0.0012924202340901965
https://untref.edu.ar/mundountref/tags/migraciones,0.0012924202340901965
https://untref.edu.ar/mundountref/tags/mucho-mas-untref,0.0012924202340901965
https://untref.edu.ar/mundountref/tags/muestras,0.0012924202340901965
https://untref.edu.ar/mundountref/tags/muntref,0.0012924202340901965
https://untref.edu.ar/mundountref/tags/musica,0.0012924202340901965
https://untref.edu.ar/mundountref/tags/musica-autoctona-clasica-y-popular-de-america,0.0012924202340901965
https://untref.edu.ar/mundountref/tags/natacion,0.0012924202340901965
https://untref.edu.ar/mundountref/tags/neo-media-lab,0.0012924202340901965
https://untref.edu.ar/mundountref/tags/nifede,0.0012924202340901965
https://untref.edu.ar/mundountref/tags/licenciatura-en-nutricion,0.0012924202340901965
https://untref.edu.ar/mundountref/tags/nutricion,0.0012924202340901965
https://untref.edu.ar/mundountref/tags/oiant,0.0012924202340901965
https://untref.edu.ar/mundountref/tags/orquesta,0.0012924202340901965
https://untref.edu.ar/mundountref/tags/pandemia,0.0012924202340901965
https://untref.edu.ar/mundountref/tags/periodismo-documental,0.0012924202340901965
https://untref.edu.ar/mundountref/tags/planeamiento-y-gestion-de-la-educacion,0.0012924202340901965
https://untref.edu.ar/mundountref/tags/podcast,0.0012924202340901965
https://untref.edu.ar/mundountref/tags/podcast-1,0.0012924202340901965
https://untref.edu.ar/mundountref/tags/podcast-2,0.0012924202340901965
https://untref.edu.ar/mundountref/tags/posgrado-en-administracion-tributaria-subnacional,0.0012924202340901965
https://untref.edu.ar/mundountref/tags/posgrado-en-economia-social-y-direccion-de-entidades-sin-fines-de-lucro,0.0012924202340901965
https://untref.edu.ar/mundountref/tags/posgrado-en-logistica-y-calidad-de-los-alimentos,0.0012924202340901965
https://untref.edu.ar/mundountref/tags/posgrado-en-gestion-logistica-y-comercio-internacional-con-orientacion-en-alimentos,0.0012924202340901965
https://untref.edu.ar/mundountref/tags/posgrado-en-tratamiento-de-adicciones-toxicas-y-no-toxicas,0.0012924202340901965
https://untref.edu.ar/mundountref/tags/posgrado-tag-test,0.0012924202340901965
https://untref.edu.ar/mundountref/tags/posgrados,0.0012924202340901965
https://untref.edu.ar/mundountref/tags/premios,0.0012924202340901965
https://untref.edu.ar/mundountref/tags/produccion-audiovisual,0.0012924202340901965
https://untref.edu.ar/mundountref/tags/profesorado-en-geografia-complementacion,0.0012924202340901965
https://untref.edu.ar/mundountref/tags/profesorado-en-historia,0.0012924202340901965
https://untref.edu.ar/mundountref/tags/licenciatura-en-proteccion-civil-y-emergencias,0.0012924202340901965
https://untref.edu.ar/mundountref/tags/proyectos,0.0012924202340901965
https://untref.edu.ar/mundountref/tags/psicomotricidad,0.0012924202340901965
https://untref.edu.ar/mundountref/tags/publicaciones,0.0012924202340901965
https://untref.edu.ar/mundountref/tags/pueblos-originarios,0.0012924202340901965
https://untref.edu.ar/mundountref/tags/realidad-virtual,0.0012924202340901965
https://untref.edu.ar/mundountref/tags/reconocimientos,0.0012924202340901965
https://untref.edu.ar/mundountref/tags/relaciones-comerciales-internacionales,0.0012924202340901965
https://untref.edu.ar/mundountref/tags/resolucion-de-conflictos-y-mediacion,0.0012924202340901965
https://untref.edu.ar/mundountref/tags/ribei,0.0012924202340901965
https://untref.edu.ar/mundountref/tags/rugby,0.0012924202340901965
https://untref.edu.ar/mundountref/tags/salud,0.0012924202340901965
https://untref.edu.ar/mundountref/tags/secundaria,0.0012924202340901965
https://untref.edu.ar/mundountref/tags/seminario,0.0012924202340901965
https://untref.edu.ar/mundountref/tags/series-web,0.0012924202340901965
https://untref.edu.ar/mundountref/tags/sistemas-de-informacion-geografica,0.0012924202340901965
https://untref.edu.ar/mundountref/tags/sociedad,0.0012924202340901965
https://untref.edu.ar/mundountref/tags/sociologia,0.0012924202340901965
https://untref.edu.ar/mundountref/tags/soevo,0.0012924202340901965
https://untref.edu.ar/mundountref/tags/solidaridad,0.0012924202340901965
https://untref.edu.ar/mundountref/tags/sonido,0.0012924202340901965
https://untref.edu.ar/mundountref/tags/taller,0.0012924202340901965
https://untref.edu.ar/mundountref/tags/tango,0.0012924202340901965
https://untref.edu.ar/mundountref/tags/teatro,0.0012924202340901965
https://untref.edu.ar/mundountref/tags/tecnologia,0.0012924202340901965
https://untref.edu.ar/mundountref/tags/tips,0.0012924202340901965
https://untref.edu.ar/mundountref/tags/torneos,0.0012924202340901965
https://untref.edu.ar/mundountref/tags/trayectorias,0.0012924202340901965
https://untref.edu.ar/mundountref/tags/un3,0.0012924202340901965
https://untref.edu.ar/mundountref/tags/unesco,0.0012924202340901965
https://untref.edu.ar/mundountref/tags/untref-media,0.0012924202340901965
https://untref.edu.ar/mundountref/tags/untref-saludable,0.0012924202340901965
https://untref.edu.ar/mundountref/tags/untref-sonoro,0.0012924202340901965
https://untref.edu.ar/mundountref/tags/untref-virtual,0.0012924202340901965
https://untref.edu.ar/mundountref/tags/videojuegos,0.0012924202340901965
https://untref.edu.ar/mundountref/tags/visitas,0.0012924202340901965
https://untref.edu.ar/mundountref/tags/voley,0.0012924202340901965
https://untref.edu.ar/mundountref/tags/xirgu,0.0012924202340901965
https://untref.edu.ar/mundountref/la-untref-dio-a-conocer-su-oferta-en-la-expouniversidades-2024,0.001348549465389325
En el evento,0.0012924202340901965
 organizado por la Municipalidad de Tres de Febrero,0.0012924202340901965
https://untref.edu.ar/mundountref/se-firmo-un-convenio-de-reciprocidad-con-la-universidad-politecnica-de-bucarest,0.001348549465389325
https://untref.edu.ar/mundountref/3500-personas-vivieron-3f-corre-aventura-la-prueba-atletica-co-organizada-por-la-untref,0.001348549465389325
https://untref.edu.ar/mundountref/adios-a-eduardo-jozami,0.001348549465389325
Con máximo pesar,0.0012924202340901965
 la Universidad Nacional de Tres de Febrero comunica el fallecimiento del Dr. Eduardo Jozami,0.0012924202340901965
https://untref.edu.ar/mundountref/articulos,0.001348549465389325
https://untref.edu.ar/mundountref/daniel-link-la-inteligencia-artificial-carece-de-imaginacion,0.0013206399593143963
https://untref.edu.ar/mundountref/para-tomas-abraham-la-construccion-del-saber-es-una-accion-colectiva,0.0013206399593143963
https://untref.edu.ar/mundountref/gabriela-ricardes-destaco-el-rol-democratizador-del-arte-circense,0.0013206399593143963
https://untref.edu.ar/events/curso-neurociencias-vinculadas-al-dolor-2,0.0013206399593143963
https://untref.edu.ar/events/el-patrimonio-cultural-como-elemento-de-dinamizacion-turistica,0.0013206399593143963
https://untref.edu.ar/events/convocatoria-interna-concurso-de-composicion-3,0.0013206399593143963
https://untref.edu.ar/events/el-oficio-de-especialista-en-gestion-de-lenguas,0.0013206399593143963
https://untref.edu.ar/events/ciencia-de-datos-topicos-de-captura-analisis-y-visualizacion-de-informacion-1,0.0013206399593143963
https://untref.edu.ar/events/relato-historico-e-identidades-colectivas-judaicas-judeoafro-americanas-y-argentinas,0.0013206399593143963
https://untref.edu.ar/events/el-desarrollo-de-argelia-y-su-relacion-con-argentina-y-el-mundo,0.0013206399593143963
https://untref.edu.ar/events/charla-virtual-todos-deberiamos-ser-anfibios-biologias-colaborativas,0.0013206399593143963
https://untref.edu.ar/events/conversatorio-sobre-el-libro-paisajes-del-pasado,0.0013206399593143963
https://untref.edu.ar/events/curso-de-investigacion-de-mercados-con-r,0.0013206399593143963
https://untref.edu.ar/events/data-analytics-como-tomar-decisiones-basados-en-datos,0.0013206399593143963
https://untref.edu.ar/events/festival-vejeces-y-derechos-voces-desde-los-territorios,0.0013206399593143963
https://untref.edu.ar/events/presentacion-del-libro-enfoques-interdisciplinarios-sobre-la-educacion-investigaciones-y-reflexiones-actuales,0.0013206399593143963
https://untref.edu.ar/events/inteligencia-artificial-aplicada-a-la-generacion-de-informacion-para-la-toma-de-decisiones,0.0013206399593143963
https://untref.edu.ar/events/conversatorio-sonido-y-videojuegos,0.0013206399593143963
https://untref.edu.ar/events/segundo-laboratorio-de-industrias-culturales-sociedad-y-ambiente-de-mutua,0.0013206399593143963
https://untref.edu.ar/events/convocatoria-interna-concurso-de-composicion-4,0.0013206399593143963
https://untref.edu.ar/events/violencia-en-el-ambito-laboral-conceptualizacion-y-formas-de-medicion-2,0.0013206399593143963
https://untref.edu.ar/events/salud-imaginarios-y-fronteras-entre-alimentacion-genero-y-tecnologias-digitales-2,0.0013206399593143963
https://untref.edu.ar/events/educacion-financiera-la-importancia-del-mercado-de-capitales-para-financiar-un-desarrollo-economico-sustentable-1,0.0013206399593143963
https://untref.edu.ar/events/seminario-doctoral-nociones-generales-de-estetica-arabiga-y-mudejar,0.0013206399593143963
https://untref.edu.ar/events/i-congreso-internacional-sudamericano-de-historia-del-arte-xvi-jornadas-de-historia-del-arte,0.0013206399593143963
https://untref.edu.ar/events/i-congreso-internacional-sudamericano-de-historia-del-arte-xvi-jornadas-de-historia-del-arte-1,0.0013206399593143963
https://untref.edu.ar/events/i-congreso-internacional-sudamericano-de-historia-del-arte-xvi-jornadas-de-historia-del-arte-2,0.0013206399593143963
https://untref.edu.ar/events/introduccion-a-los-procesos-sociales-cientificos-artisticos-y-culturales-afroamericanos,0.0013206399593143963
https://untref.edu.ar/muntref,0.0012924202340901965
https://www.untref.edu.ar/autoridades,0.0013610798597932345
https://www.untref.edu.ar/sedes,0.002449428968282395
https://www.untref.edu.ar/docentes_departamento,0.0033762294494313486
https://www.untref.edu.ar/untref-en-cifras,0.0013723290176507906
https://www.untref.edu.ar/llamado-a-concurso-cerrado-de-oposicion-y-antecedentes-para-cubrir-cargos-del-personal-no-docente,0.0013723290176507906
https://www.untref.edu.ar/autoevaluacion-institucional,0.0013723290176507906
https://www.untref.edu.ar/normativa-institucional,0.0013723290176507906
https://www.untref.edu.ar/comunicacion-y-prensa,0.0013723290176507906
https://www.untref.edu.ar/elecciones-untref-2024,0.0013723290176507906
https://www.untref.edu.ar/comite-interdisciplinario-de-violencia-de-g%C3%A9nero,0.0013723290176507906
https://www.untref.edu.ar/untref-saludable,0.0013723290176507906
https://www.untref.edu.ar/covid,0.0013723290176507906
https://www.untref.edu.ar/estudiar-en-untref,0.0013723290176507906
https://www.untref.edu.ar/carreras,0.0013723290176507906
https://www.untref.edu.ar/departamento-de-alumnos,0.0013723290176507906
https://www.untref.edu.ar/posgrados,0.0013723290176507906
https://www.untref.edu.ar/alumnos-de-posgrado,0.0013723290176507906
https://www.untref.edu.ar/catedra-unesco-de-educacion-superior-y-pueblos-indigenas-y-afrodescendientes-en-america-latina,0.0013723290176507906
https://www.untref.edu.ar/secretaria-academica,0.0013723290176507906
https://www.untref.edu.ar/soevo-orientacion-vocacional,0.0013723290176507906
https://www.untref.edu.ar/tutoriales,0.0013723290176507906
https://www.untref.edu.ar/untref-deportes,0.0013723290176507906
https://www.untref.edu.ar/untref-corre,0.0013723290176507906
https://www.untref.edu.ar/talleres-y-seminarios,0.0013723290176507906
https://www.untref.edu.ar/cursos,0.0013723290176507906
https://www.untref.edu.ar/doble-carrera-deporte-universidad,0.0013723290176507906
https://www.untref.edu.ar/trio-de-cuerdas-untref-extension,0.0013723290176507906
https://www.untref.edu.ar/escuela-de-tango-y-danzas-tradicionales,0.0013723290176507906
https://www.untref.edu.ar/investigacion-y-desarrollo,0.0013723290176507906
https://www.untref.edu.ar/institutos,0.0013723290176507906
https://www.untref.edu.ar/programa-de-estudios-posdoctorales,0.0013723290176507906
https://www.untref.edu.ar/convocatorias,0.0013723290176507906
https://www.untref.edu.ar/ventanillas,0.0013723290176507906
https://www.untref.edu.ar/sigeva-cvar,0.0013723290176507906
https://www.untref.edu.ar/unidades-de-investigacion-untref,0.0013723290176507906
https://www.untref.edu.ar/vigilancia-tecnologica-y-propiedad-intelectual,0.0013723290176507906
https://www.untref.edu.ar/study-abroad,0.0013723290176507906
https://www.untref.edu.ar/cooperacion-internacional,0.0013723290176507906
https://www.untref.edu.ar/suscripcion,0.0013723290176507906
https://www.untref.edu.ar/mundountref/las-inscripciones-para-las-carreras-de-grado-2025-comenzaran-el-7-de-octubre,0.0013610798597932345
https://www.untref.edu.ar/mundountref/eric-sadin-el-origen-de-la-locura-es-cuando-ya-nadie-cree-en-nada,0.002449428968282395
https://www.untref.edu.ar/mundountref/crisis-economica-la-argentina-decrece-en-una-region-que-intenta-prosperar,0.0033762294494313486
https://www.untref.edu.ar/mundountref/el-curso-de-ingreso-sera-intensivo-y-abarcara-los-meses-de-febrero-y-marzo,0.004169136442271586
https://www.untref.edu.ar/mundountref/katopodis-y-kaufmann-firmaron-un-acuerdo-para-terminar-el-campus-de-la-sede-lynch,0.0013610798597932345
https://www.untref.edu.ar/mundountref/en-la-colacion-de-grado-y-posgrado-martin-kaufmann-llamo-a-defender-la-universidad-publica,0.0013610798597932345
https://www.untref.edu.ar/mundountref/la-revista-ciencia-hoy-continuara-editandose-por-la-untref,0.0013610798597932345
https://www.untref.edu.ar/mundountref/ya-funciona-en-el-chalten-el-aerogenerador-creado-por-investigadores-de-la-untref,0.0013610798597932345
https://www.untref.edu.ar/mundountref/coctel-peligroso-aumento-del-crimen-e-insuficientes-respuestas-gubernamentales,0.0013610798597932345
https://www.untref.edu.ar/mundountref/untref-25-anos-como-se-gesto-una-nueva-identidad-universitaria-en-la-argentina,0.0013610798597932345
https://www.untref.edu.ar/mundountref/la-untref-y-el-municipio-de-tigre-firman-un-convenio-de-proteccion-medioambiental,0.0013610798597932345
https://www.untref.edu.ar/mundountref/empezo-el-nuevo-ciclo-de-conferencias-sobre-migraciones-internacionales,0.0013610798597932345
https://www.untref.edu.ar/mundountref/una-apuesta-necesaria-a-la-educacion-financiera-para-jovenes,0.0013610798597932345
https://www.untref.edu.ar/mundountref,0.0013610798597932345
https://www.untref.edu.ar/mundountref/cat/institucional,0.0013502706707998065
https://www.untref.edu.ar/mundountref/cat/academico,0.0013502706707998065
https://www.untref.edu.ar/mundountref/cat/internacional,0.0013502706707998065
https://www.untref.edu.ar/mundountref/cat/arte-cultura,0.0013502706707998065
https://www.untref.edu.ar/mundountref/cat/comunidad,0.0013502706707998065
https://www.untref.edu.ar/mundountref/cat/audiovisual,0.0013502706707998065
https://www.untref.edu.ar/mundountref/cat/podcast,0.0013502706707998065
https://www.untref.edu.ar/mundountref/la-untref-marcho-en-defensa-de-la-universidad-publica,0.0013502706707998065
https://www.untref.edu.ar/mundountref/consumo-problematico-de-juegos-y-apuestas-una-droga-digital-para-los-jovenes,0.0013502706707998065
https://www.untref.edu.ar/mundountref/la-untref-fue-sede-de-la-semana-de-las-artes,0.0013502706707998065
https://www.untref.edu.ar/mundountref/expountref-mas-de-1500-visitantes-y-un-fuerte-respaldo-a-la-educacion-publica,0.0013502706707998065
https://www.untref.edu.ar/mundountref/tags/bienalsur,0.0013502706707998065
https://www.untref.edu.ar/mundountref/lanzaron-la-convocatoria-abierta-internacional-rumbo-a-bienalsur-2025,0.0013502706707998065
https://www.untref.edu.ar/mundountref/espana-y-bienalsur-una-reflexion-critica-sobre-la-actualidad-desde-la-mirada-del-arte,0.0013502706707998065
https://www.untref.edu.ar/mundountref/la-untref-lleva-la-bienalsur-a-la-asamblea-anual-de-la-unesco,0.0013502706707998065
https://www.untref.edu.ar/mundountref/tags/,0.0012924202340901965
https://www.untref.edu.ar/mundountref/tags/administracion-de-empresas,0.0012924202340901965
https://www.untref.edu.ar/mundountref/tags/administracion-publica,0.0012924202340901965
https://www.untref.edu.ar/mundountref/tags/administracion-y-gestion-de-politicas-sociales,0.0012924202340901965
https://www.untref.edu.ar/mundountref/tags/ajedrez,0.0012924202340901965
https://www.untref.edu.ar/mundountref/tags/alumnos,0.0012924202340901965
https://www.untref.edu.ar/mundountref/tags/america-latina,0.0012924202340901965
https://www.untref.edu.ar/mundountref/tags/arte,0.0012924202340901965
https://www.untref.edu.ar/mundountref/tags/artes-del-circo,0.0018416972397145002
https://www.untref.edu.ar/mundountref/tags/artes-electronicas,0.0018416972397145002
https://www.untref.edu.ar/mundountref/tags/becas,0.0012924202340901965
https://www.untref.edu.ar/mundountref/tags/biblioteca-y-centros-de-documentacion,0.0012924202340901965
https://www.untref.edu.ar/mundountref/tags/carrera-tag-test,0.0012924202340901965
https://www.untref.edu.ar/mundountref/tags/carreras,0.0012924202340901965
https://www.untref.edu.ar/mundountref/tags/cees,0.0012924202340901965
https://www.untref.edu.ar/mundountref/tags/ceiarte,0.0012924202340901965
https://www.untref.edu.ar/mundountref/tags/ceipsu,0.0012924202340901965
https://www.untref.edu.ar/mundountref/tags/celiv,0.0012924202340901965
https://www.untref.edu.ar/mundountref/tags/charlas,0.0012924202340901965
https://www.untref.edu.ar/mundountref/tags/ciclo-de-conciertos-para-ensambles,0.0012924202340901965
https://www.untref.edu.ar/mundountref/tags/cidem,0.0012924202340901965
https://www.untref.edu.ar/mundountref/tags/ciea,0.0012924202340901965
https://www.untref.edu.ar/mundountref/tags/ciencias-de-la-educacion,0.0012924202340901965
https://www.untref.edu.ar/mundountref/tags/cine,0.0012924202340901965
https://www.untref.edu.ar/mundountref/tags/cinea,0.0012924202340901965
https://www.untref.edu.ar/mundountref/tags/circo,0.0012924202340901965
https://www.untref.edu.ar/mundountref/tags/cistas,0.0012924202340901965
https://www.untref.edu.ar/mundountref/tags/cistas-1,0.0012924202340901965
https://www.untref.edu.ar/mundountref/tags/coloquios,0.0012924202340901965
https://www.untref.edu.ar/mundountref/tags/competencias,0.0012924202340901965
https://www.untref.edu.ar/mundountref/tags/computacion,0.0012924202340901965
https://www.untref.edu.ar/mundountref/tags/comunicacion-politica,0.0012924202340901965
https://www.untref.edu.ar/mundountref/tags/diplomatura-en-comunicacion-politica-y-de-gobierno,0.0012924202340901965
https://www.untref.edu.ar/mundountref/tags/comunicado,0.0012924202340901965
https://www.untref.edu.ar/mundountref/tags/concierto,0.0012924202340901965
https://www.untref.edu.ar/mundountref/tags/concurso,0.0012924202340901965
https://www.untref.edu.ar/mundountref/tags/conferencia-completa,0.0012924202340901965
https://www.untref.edu.ar/mundountref/tags/conferencias,0.0012924202340901965
https://www.untref.edu.ar/mundountref/tags/congreso,0.0012924202340901965
https://www.untref.edu.ar/mundountref/tags/contraluz-cine,0.0012924202340901965
https://www.untref.edu.ar/mundountref/tags/convenio,0.0012924202340901965
https://www.untref.edu.ar/mundountref/tags/cuarteto-de-cuerdas,0.0012924202340901965
https://www.untref.edu.ar/mundountref/tags/cuerpo-de-obra,0.0012924202340901965
https://www.untref.edu.ar/mundountref/tags/cultura,0.0012924202340901965
https://www.untref.edu.ar/mundountref/tags/curaduria,0.0012924202340901965
https://www.untref.edu.ar/mundountref/tags/curso-de-genetica-y-derechos-humanos,0.0012924202340901965
https://www.untref.edu.ar/mundountref/tags/curso-de-posgrado-en-gestion-del-patrimonio-cultural,0.0012924202340901965
https://www.untref.edu.ar/mundountref/tags/curso-de-posgrado-en-industrias-culturales-claves-para-su-gestion-y-desarrollo,0.0012924202340901965
https://www.untref.edu.ar/mundountref/tags/curso-de-posgrado-en-integracion-latinoamericana-y-dilemas-de-insercion-internacional-de-la-region,0.0012924202340901965
https://www.untref.edu.ar/mundountref/tags/curso-de-posgrado-en-negociacion,0.0012924202340901965
https://www.untref.edu.ar/mundountref/tags/politicas-y-gestion-del-sector-agroalimentario,0.0012924202340901965
https://www.untref.edu.ar/mundountref/tags/sistemas-de-calidad-y-comercio-internacional-de-los-alimentos,0.0012924202340901965
https://www.untref.edu.ar/mundountref/tags/curso-interdisciplinario-de-posgrado-metodologia-non-standard,0.0012924202340901965
https://www.untref.edu.ar/mundountref/tags/curso-sobre-sistema-financiero-y-deuda-publica-origen-estado-actual-e-implicancias-del-conflicto-con-los-fondos-buitres,0.0012924202340901965
https://www.untref.edu.ar/mundountref/tags/cursos,0.0012924202340901965
https://www.untref.edu.ar/mundountref/tags/ddhh,0.0012924202340901965
https://www.untref.edu.ar/mundountref/tags/deportes,0.0012924202340901965
https://www.untref.edu.ar/mundountref/tags/desarrollo-infantil,0.0012924202340901965
https://www.untref.edu.ar/mundountref/tags/destacados,0.0012924202340901965
https://www.untref.edu.ar/mundountref/tags/dia-nacional,0.0012924202340901965
https://www.untref.edu.ar/mundountref/tags/diplomatura-en-ulceras-y-heridas,0.0012924202340901965
https://www.untref.edu.ar/mundountref/tags/diplomatura-en-atencion-primaria-de-la-salud-aps,0.0012924202340901965
https://www.untref.edu.ar/mundountref/tags/diplomatura-en-ergonomia,0.0012924202340901965
https://www.untref.edu.ar/mundountref/tags/diplomatura-en-inclusion-escolar-con-orientacion-en-tes-trastornos-emocionales-severos,0.0012924202340901965
https://www.untref.edu.ar/mundountref/tags/diplomatura-en-marketing-deportivo,0.0012924202340901965
https://www.untref.edu.ar/mundountref/tags/diplomatura-en-negociacion-y-metodos-adecuados-de-resolucion-de-conflictos-laborales,0.0012924202340901965
https://www.untref.edu.ar/mundountref/tags/diplomatura-en-Relaciones-Sindicales-Internacionales,0.0012924202340901965
https://www.untref.edu.ar/mundountref/tags/diplomatura-superior-en-análisis-institucional-y-organizaciones-educativas,0.0012924202340901965
https://www.untref.edu.ar/mundountref/tags/diplomatura-universitaria-en-ensenanza-del-ajedrez,0.0012924202340901965
https://www.untref.edu.ar/mundountref/tags/diplomaturas,0.0012924202340901965
https://www.untref.edu.ar/mundountref/tags/direccion-de-instituciones-educativas,0.0012924202340901965
https://www.untref.edu.ar/mundountref/tags/doc-untref,0.0012924202340901965
https://www.untref.edu.ar/mundountref/tags/docentes,0.0012924202340901965
https://www.untref.edu.ar/mundountref/tags/doctorado-en-derecho-del-trabajo,0.0012924202340901965
https://www.untref.edu.ar/mundountref/tags/doctorado-en-educacion,0.0012924202340901965
https://www.untref.edu.ar/mundountref/tags/doctorado-en-epistemologia-e-historia-de-la-ciencia,0.0012924202340901965
https://www.untref.edu.ar/mundountref/tags/doctorado-en-historia,0.0012924202340901965
https://www.untref.edu.ar/mundountref/tags/doctorado-en-política-y-gestion-de-la-educación-superior,0.0012924202340901965
https://www.untref.edu.ar/mundountref/tags/doctorado-en-teoria-comparada-de-las-artes,0.0012924202340901965
https://www.untref.edu.ar/mundountref/tags/documental,0.0012924202340901965
https://www.untref.edu.ar/mundountref/tags/economia,0.0012924202340901965
https://www.untref.edu.ar/mundountref/tags/educacion,0.0012924202340901965
https://www.untref.edu.ar/mundountref/tags/educacion-de-la-primera-infancia,0.0012924202340901965
https://www.untref.edu.ar/mundountref/tags/educacion-intercultural,0.0012924202340901965
https://www.untref.edu.ar/mundountref/tags/educacion-secundaria,0.0012924202340901965
https://www.untref.edu.ar/mundountref/tags/eduntref,0.0012924202340901965
https://www.untref.edu.ar/mundountref/tags/enfermeria-2,0.0012924202340901965
https://www.untref.edu.ar/mundountref/tags/enfermeria,0.0012924202340901965
https://www.untref.edu.ar/mundountref/tags/ensenanza-de-baile-de-tango,0.0012924202340901965
https://www.untref.edu.ar/mundountref/tags/ensenanza-superior-en-ciencias-de-la-salud,0.0012924202340901965
https://www.untref.edu.ar/mundountref/tags/entrevistas,0.0012924202340901965
https://www.untref.edu.ar/mundountref/tags/escritura-creativa,0.0012924202340901965
https://www.untref.edu.ar/mundountref/tags/especializacion-en-diseno-conceptual,0.0012924202340901965
https://www.untref.edu.ar/mundountref/tags/especializacion-en-docencia-universitaria,0.0012924202340901965
https://www.untref.edu.ar/mundountref/tags/especializacion-en-economia-y-negocios-con-asia-del-pacifico-e-india,0.0012924202340901965
https://www.untref.edu.ar/mundountref/tags/estudios-afroamericanos,0.0012924202340901965
https://www.untref.edu.ar/mundountref/tags/estudios-arabes-americano-arabes-e-islamicos,0.0012924202340901965
https://www.untref.edu.ar/mundountref/tags/especializacion-en-estudios-indoamericanos,0.0012924202340901965
https://www.untref.edu.ar/mundountref/tags/estudios-judaicos-y-judeoamericanos,0.0012924202340901965
https://www.untref.edu.ar/mundountref/tags/especializacion-en-gestion-de-la-tecnologia-y-la-innovacion,0.0012924202340901965
https://www.untref.edu.ar/mundountref/tags/especializacion-en-gestion-de-lenguas,0.0012924202340901965
https://www.untref.edu.ar/mundountref/tags/especializacion-en-gestion-logistica-calidad-y-comercio-internacional-con-orientacion-en-alimentos,0.0012924202340901965
https://www.untref.edu.ar/mundountref/tags/especializacion-en-gestion-para-la-defensa,0.0012924202340901965
https://www.untref.edu.ar/mundountref/tags/especializacion-en-gestion-publica,0.0012924202340901965
https://www.untref.edu.ar/mundountref/tags/especializacion-en-industrias-culturales-en-la-convergencia-digital-2,0.0012924202340901965
https://www.untref.edu.ar/mundountref/tags/especializacion-en-infancia-temprana-y-practicas-institucionales,0.0012924202340901965
https://www.untref.edu.ar/mundountref/tags/especializacion-en-intervencion-y-gestion-gerontologica,0.0012924202340901965
https://www.untref.edu.ar/mundountref/tags/especializacion-en-politicas-agroalimentarias,0.0012924202340901965
https://www.untref.edu.ar/mundountref/tags/especializacion-en-politicas-sociales-urbanas,0.0012924202340901965
https://www.untref.edu.ar/mundountref/tags/especializacion-en-tributacion-local,0.0012924202340901965
https://www.untref.edu.ar/mundountref/tags/orientacion-vocacional-y-educativa,0.0012924202340901965
https://www.untref.edu.ar/mundountref/tags/especializacion-y-diplomatura-en-derechos-humanos,0.0012924202340901965
https://www.untref.edu.ar/mundountref/tags/especializacion-y-maestria-en-curaduria-en-artes-visuales,0.0012924202340901965
https://www.untref.edu.ar/mundountref/tags/estacion-untref,0.0012924202340901965
https://www.untref.edu.ar/mundountref/tags/estadistica,0.0012924202340901965
https://www.untref.edu.ar/mundountref/tags/estadistica-1,0.0012924202340901965
https://www.untref.edu.ar/mundountref/tags/estadistica-2,0.0012924202340901965
https://www.untref.edu.ar/mundountref/tags/estrenos,0.0012924202340901965
https://www.untref.edu.ar/mundountref/tags/eventos,0.0012924202340901965
https://www.untref.edu.ar/mundountref/tags/extension,0.0012924202340901965
https://www.untref.edu.ar/mundountref/tags/festival,0.0012924202340901965
https://www.untref.edu.ar/mundountref/tags/ficcion,0.0012924202340901965
https://www.untref.edu.ar/mundountref/tags/filosofia,0.0012924202340901965
https://www.untref.edu.ar/mundountref/tags/flisol,0.0012924202340901965
https://www.untref.edu.ar/mundountref/tags/fotografia,0.0012924202340901965
https://www.untref.edu.ar/mundountref/tags/futbol,0.0012924202340901965
https://www.untref.edu.ar/mundountref/tags/galeria-de-fotos,0.0012924202340901965
https://www.untref.edu.ar/mundountref/tags/genero,0.0012924202340901965
https://www.untref.edu.ar/mundountref/tags/genocidio,0.0012924202340901965
https://www.untref.edu.ar/mundountref/tags/geografia-complementacion,0.0012924202340901965
https://www.untref.edu.ar/mundountref/tags/geografia,0.0012924202340901965
https://www.untref.edu.ar/mundountref/tags/diplomatura-en-gestion-de-calidad-en-instituciones-de-salud,0.0012924202340901965
https://www.untref.edu.ar/mundountref/tags/gestion-del-arte-y-la-cultura,0.0012924202340901965
https://www.untref.edu.ar/mundountref/tags/gestion-del-deporte-complementacion,0.0012924202340901965
https://www.untref.edu.ar/mundountref/tags/gestion-educativa,0.0012924202340901965
https://www.untref.edu.ar/mundountref/tags/gestion-y-docencia-para-la-educacion-superior,0.0012924202340901965
https://www.untref.edu.ar/mundountref/tags/gestion-y-evaluacion-de-instituciones-educativas,0.0012924202340901965
https://www.untref.edu.ar/mundountref/tags/graduados,0.0012924202340901965
https://www.untref.edu.ar/mundountref/tags/hibridos,0.0012924202340901965
https://www.untref.edu.ar/mundountref/tags/higiene-y-seguridad-del-trabajo,0.0012924202340901965
https://www.untref.edu.ar/mundountref/tags/historia,0.0012924202340901965
https://www.untref.edu.ar/mundountref/tags/hockey,0.0012924202340901965
https://www.untref.edu.ar/mundountref/tags/honoris-causa,0.0012924202340901965
https://www.untref.edu.ar/mundountref/tags/iiac,0.0012924202340901965
https://www.untref.edu.ar/mundountref/tags/infancia,0.0012924202340901965
https://www.untref.edu.ar/mundountref/tags/ingenieria,0.0012924202340901965
https://www.untref.edu.ar/mundountref/tags/ingenieria-ambiental,0.0012924202340901965
https://www.untref.edu.ar/mundountref/tags/ingenieria-de-sonido,0.0012924202340901965
https://www.untref.edu.ar/mundountref/tags/ingenieria-en-computacion,0.0012924202340901965
https://www.untref.edu.ar/mundountref/tags/institucional,0.0012924202340901965
https://www.untref.edu.ar/mundountref/tags/instituto-tag-test,0.0012924202340901965
https://www.untref.edu.ar/mundountref/tags/instrumentacion-quirurgica,0.0012924202340901965
https://www.untref.edu.ar/mundountref/tags/internacional,0.0012924202340901965
https://www.untref.edu.ar/mundountref/tags/investigacion,0.0012924202340901965
https://www.untref.edu.ar/mundountref/tags/iommi,0.0012924202340901965
https://www.untref.edu.ar/mundountref/tags/libro,0.0012924202340901965
https://www.untref.edu.ar/mundountref/tags/literatura,0.0012924202340901965
https://www.untref.edu.ar/mundountref/tags/logistica,0.0012924202340901965
https://www.untref.edu.ar/mundountref/tags/maestria,0.0012924202340901965
https://www.untref.edu.ar/mundountref/tags/maestria-en-abogacia-del-estado,0.0012924202340901965
https://www.untref.edu.ar/mundountref/tags/maestria-en-analisis-politico,0.0012924202340901965
https://www.untref.edu.ar/mundountref/tags/maestria-en-creacion-musical-nuevas-tecnologias-y-artes-tradicionales,0.0012924202340901965
https://www.untref.edu.ar/mundountref/tags/maestria-en-derecho-del-trabajo-y-relaciones-laborales-internacionales,0.0012924202340901965
https://www.untref.edu.ar/mundountref/tags/maestría-en-derechos-humanos-estado-y-sociedad,0.0012924202340901965
https://www.untref.edu.ar/mundountref/tags/maestria-en-diversidad-cultural,0.0012924202340901965
https://www.untref.edu.ar/mundountref/tags/maestria-en-ensenanza-de-la-historia,0.0012924202340901965
https://www.untref.edu.ar/mundountref/tags/maestria-en-epistemologia-e-historia-de-la-ciencia,0.0012924202340901965
https://www.untref.edu.ar/mundountref/tags/maestria-en-escritura-creativa,0.0012924202340901965
https://www.untref.edu.ar/mundountref/tags/maestria-en-escritura-creativa-trabajos,0.0012924202340901965
https://www.untref.edu.ar/mundountref/tags/maestria-en-estudios-literarios-latinoamericanos,0.0012924202340901965
https://www.untref.edu.ar/mundountref/tags/maestria-en-estudios-y-politicas-de-genero,0.0012924202340901965
https://www.untref.edu.ar/mundountref/tags/maestria-en-generacion-y-analisis-de-informacion-estadistica,0.0012924202340901965
https://www.untref.edu.ar/mundountref/tags/maestria-en-gestion-de-lenguas,0.0012924202340901965
https://www.untref.edu.ar/mundountref/tags/maestria-en-gestion-y-evaluacion-de-la-educacion,0.0012924202340901965
https://www.untref.edu.ar/mundountref/tags/maestria-en-historia,0.0012924202340901965
https://www.untref.edu.ar/mundountref/tags/maestria-en-integracion-latinoamericana,0.0012924202340901965
https://www.untref.edu.ar/mundountref/tags/maestria-en-metodologia-de-la-investigacion-social-2,0.0012924202340901965
https://www.untref.edu.ar/mundountref/tags/maestria-en-periodismo-documental,0.0012924202340901965
https://www.untref.edu.ar/mundountref/tags/maestria-en-politicas-sociales-urbanas,0.0012924202340901965
https://www.untref.edu.ar/mundountref/tags/maestria-en-politicas-y-administracion-de-la-educacion,0.0012924202340901965
https://www.untref.edu.ar/mundountref/tags/maestria-en-politicas-y-gestion-de-las-migraciones-internacionales,0.0012924202340901965
https://www.untref.edu.ar/mundountref/tags/maestria-en-relaciones-comerciales-internacionales,0.0012924202340901965
https://www.untref.edu.ar/mundountref/tags/maestria-en-sociologia-politica-internacional,0.0012924202340901965
https://www.untref.edu.ar/mundountref/tags/maestria-en-tecnologia-y-estetica-de-las-artes-electronicas,0.0012924202340901965
https://www.untref.edu.ar/mundountref/tags/maestria-en-teoria-social-e-investigacion-empirica,0.0012924202340901965
https://www.untref.edu.ar/mundountref/tags/migraciones,0.0012924202340901965
https://www.untref.edu.ar/mundountref/tags/mucho-mas-untref,0.0012924202340901965
https://www.untref.edu.ar/mundountref/tags/muestras,0.0012924202340901965
https://www.untref.edu.ar/mundountref/tags/muntref,0.0012924202340901965
https://www.untref.edu.ar/mundountref/tags/musica,0.0012924202340901965
https://www.untref.edu.ar/mundountref/tags/musica-autoctona-clasica-y-popular-de-america,0.0012924202340901965
https://www.untref.edu.ar/mundountref/tags/natacion,0.0012924202340901965
https://www.untref.edu.ar/mundountref/tags/neo-media-lab,0.0012924202340901965
https://www.untref.edu.ar/mundountref/tags/nifede,0.0012924202340901965
https://www.untref.edu.ar/mundountref/tags/licenciatura-en-nutricion,0.0012924202340901965
https://www.untref.edu.ar/mundountref/tags/nutricion,0.0012924202340901965
https://www.untref.edu.ar/mundountref/tags/oiant,0.0012924202340901965
https://www.untref.edu.ar/mundountref/tags/orquesta,0.0012924202340901965
https://www.untref.edu.ar/mundountref/tags/pandemia,0.0012924202340901965
https://www.untref.edu.ar/mundountref/tags/periodismo-documental,0.0012924202340901965
https://www.untref.edu.ar/mundountref/tags/planeamiento-y-gestion-de-la-educacion,0.0012924202340901965
https://www.untref.edu.ar/mundountref/tags/podcast,0.0012924202340901965
https://www.untref.edu.ar/mundountref/tags/podcast-1,0.0012924202340901965
https://www.untref.edu.ar/mundountref/tags/podcast-2,0.0012924202340901965
https://www.untref.edu.ar/mundountref/tags/posgrado-en-administracion-tributaria-subnacional,0.0012924202340901965
https://www.untref.edu.ar/mundountref/tags/posgrado-en-economia-social-y-direccion-de-entidades-sin-fines-de-lucro,0.0012924202340901965
https://www.untref.edu.ar/mundountref/tags/posgrado-en-logistica-y-calidad-de-los-alimentos,0.0012924202340901965
https://www.untref.edu.ar/mundountref/tags/posgrado-en-gestion-logistica-y-comercio-internacional-con-orientacion-en-alimentos,0.0012924202340901965
https://www.untref.edu.ar/mundountref/tags/posgrado-en-tratamiento-de-adicciones-toxicas-y-no-toxicas,0.0012924202340901965
https://www.untref.edu.ar/mundountref/tags/posgrado-tag-test,0.0012924202340901965
https://www.untref.edu.ar/mundountref/tags/posgrados,0.0012924202340901965
https://www.untref.edu.ar/mundountref/tags/premios,0.0012924202340901965
https://www.untref.edu.ar/mundountref/tags/produccion-audiovisual,0.0012924202340901965
https://www.untref.edu.ar/mundountref/tags/profesorado-en-geografia-complementacion,0.0012924202340901965
https://www.untref.edu.ar/mundountref/tags/profesorado-en-historia,0.0012924202340901965
https://www.untref.edu.ar/mundountref/tags/licenciatura-en-proteccion-civil-y-emergencias,0.0012924202340901965
https://www.untref.edu.ar/mundountref/tags/proyectos,0.0012924202340901965
https://www.untref.edu.ar/mundountref/tags/psicomotricidad,0.0012924202340901965
https://www.untref.edu.ar/mundountref/tags/publicaciones,0.0012924202340901965
https://www.untref.edu.ar/mundountref/tags/pueblos-originarios,0.0012924202340901965
https://www.untref.edu.ar/mundountref/tags/realidad-virtual,0.0012924202340901965
https://www.untref.edu.ar/mundountref/tags/reconocimientos,0.0012924202340901965
https://www.untref.edu.ar/mundountref/tags/relaciones-comerciales-internacionales,0.0012924202340901965
https://www.untref.edu.ar/mundountref/tags/resolucion-de-conflictos-y-mediacion,0.0012924202340901965
https://www.untref.edu.ar/mundountref/tags/ribei,0.0012924202340901965
https://www.untref.edu.ar/mundountref/tags/rugby,0.0012924202340901965
https://www.untref.edu.ar/mundountref/tags/salud,0.0012924202340901965
https://www.untref.edu.ar/mundountref/tags/secundaria,0.0012924202340901965
https://www.untref.edu.ar/mundountref/tags/seminario,0.0012924202340901965
https://www.untref.edu.ar/mundountref/tags/series-web,0.0012924202340901965
https://www.untref.edu.ar/mundountref/tags/sistemas-de-informacion-geografica,0.0012924202340901965
https://www.untref.edu.ar/mundountref/tags/sociedad,0.0012924202340901965
https://www.untref.edu.ar/mundountref/tags/sociologia,0.0012924202340901965
https://www.untref.edu.ar/mundountref/tags/soevo,0.0012924202340901965
https://www.untref.edu.ar/mundountref/tags/solidaridad,0.0012924202340901965
https://www.untref.edu.ar/mundountref/tags/sonido,0.0012924202340901965
https://www.untref.edu.ar/mundountref/tags/taller,0.0012924202340901965
https://www.untref.edu.ar/mundountref/tags/tango,0.0012924202340901965
https://www.untref.edu.ar/mundountref/tags/teatro,0.0012924202340901965
https://www.untref.edu.ar/mundountref/tags/tecnologia,0.0012924202340901965
https://www.untref.edu.ar/mundountref/tags/tips,0.0012924202340901965
https://www.untref.edu.ar/mundountref/tags/torneos,0.0012924202340901965
https://www.untref.edu.ar/mundountref/tags/trayectorias,0.0012924202340901965
https://www.untref.edu.ar/mundountref/tags/un3,0.0012924202340901965
https://www.untref.edu.ar/mundountref/tags/unesco,0.0012924202340901965
https://www.untref.edu.ar/mundountref/tags/untref-media,0.0012924202340901965
https://www.untref.edu.ar/mundountref/tags/untref-saludable,0.0012924202340901965
https://www.untref.edu.ar/mundountref/tags/untref-sonoro,0.0012924202340901965
https://www.untref.edu.ar/mundountref/tags/untref-virtual,0.0012924202340901965
https://www.untref.edu.ar/mundountref/tags/videojuegos,0.0012924202340901965
https://www.untref.edu.ar/mundountref/tags/visitas,0.0012924202340901965
https://www.untref.edu.ar/mundountref/tags/voley,0.0012924202340901965
https://www.untref.edu.ar/mundountref/tags/xirgu,0.0012924202340901965
https://www.untref.edu.ar/mundountref/la-untref-dio-a-conocer-su-oferta-en-la-expouniversidades-2024,0.0013502706707998065
https://www.untref.edu.ar/mundountref/se-firmo-un-convenio-de-reciprocidad-con-la-universidad-politecnica-de-bucarest,0.0013502706707998065
https://www.untref.edu.ar/mundountref/3500-personas-vivieron-3f-corre-aventura-la-prueba-atletica-co-organizada-por-la-untref,0.0013502706707998065
https://www.untref.edu.ar/mundountref/adios-a-eduardo-jozami,0.0013502706707998065
https://www.untref.edu.ar/mundountref/articulos,0.0013502706707998065
https://www.untref.edu.ar/mundountref/daniel-link-la-inteligencia-artificial-carece-de-imaginacion,0.0013610798597932345
https://www.untref.edu.ar/mundountref/para-tomas-abraham-la-construccion-del-saber-es-una-accion-colectiva,0.0013610798597932345
https://www.untref.edu.ar/mundountref/gabriela-ricardes-destaco-el-rol-democratizador-del-arte-circense,0.0013610798597932345
