SCC ID,URLs
0,['https://untref.edu.ar/docentes_departamento']
1,['https://untref.edu.ar/untref-en-cifras']
2,['https://untref.edu.ar/llamado-a-concurso-cerrado-de-oposicion-y-antecedentes-para-cubrir-cargos-del-personal-no-docente']
3,['https://untref.edu.ar/autoevaluacion-institucional']
4,['https://untref.edu.ar/normativa-institucional']
5,['https://untref.edu.ar/comunicacion-y-prensa']
6,['https://untref.edu.ar/elecciones-untref-2024']
7,['https://untref.edu.ar/comite-interdisciplinario-de-violencia-de-g%C3%A9nero']
8,['https://untref.edu.ar/untref-saludable']
9,['https://untref.edu.ar/covid']
10,['https://untref.edu.ar/estudiar-en-untref']
11,['https://untref.edu.ar/carreras']
12,['https://untref.edu.ar/departamento-de-alumnos']
13,['https://untref.edu.ar/posgrados']
14,['https://untref.edu.ar/alumnos-de-posgrado']
15,['https://untref.edu.ar/catedra-unesco-de-educacion-superior-y-pueblos-indigenas-y-afrodescendientes-en-america-latina']
16,['https://untref.edu.ar/secretaria-academica']
17,['https://untref.edu.ar/soevo-orientacion-vocacional']
18,['https://untref.edu.ar/tutoriales']
19,['https://untref.edu.ar/untref-deportes']
20,['https://untref.edu.ar/untref-corre']
21,['https://untref.edu.ar/talleres-y-seminarios']
22,['https://untref.edu.ar/cursos']
23,['https://untref.edu.ar/doble-carrera-deporte-universidad']
24,['https://untref.edu.ar/trio-de-cuerdas-untref-extension']
25,['https://untref.edu.ar/escuela-de-tango-y-danzas-tradicionales']
26,['https://untref.edu.ar/investigacion-y-desarrollo']
27,['https://untref.edu.ar/institutos']
28,['https://untref.edu.ar/programa-de-estudios-posdoctorales']
29,['https://untref.edu.ar/convocatorias']
30,['https://untref.edu.ar/ventanillas']
31,['https://untref.edu.ar/sigeva-cvar']
32,['https://untref.edu.ar/unidades-de-investigacion-untref']
33,['https://untref.edu.ar/vigilancia-tecnologica-y-propiedad-intelectual']
34,['https://untref.edu.ar/study-abroad']
35,['https://untref.edu.ar/cooperacion-internacional']
36,['https://untref.edu.ar/suscripcion']
37,['https://untref.edu.ar/sedes']
38,['https://untref.edu.ar/autoridades']
39,['https://untref.edu.ar/uploads/Documentos/calendario-academico-2024.pdf']
40,['https://untref.edu.ar/mundountref/crisis-economica-la-argentina-decrece-en-una-region-que-intenta-prosperar']
41,['https://untref.edu.ar/mundountref/el-curso-de-ingreso-sera-intensivo-y-abarcara-los-meses-de-febrero-y-marzo']
42,['https://untref.edu.ar/mundountref/eric-sadin-el-origen-de-la-locura-es-cuando-ya-nadie-cree-en-nada']
43,['https://untref.edu.ar/mundountref/las-inscripciones-para-las-carreras-de-grado-2025-comenzaran-el-7-de-octubre']
44,['https://untref.edu.ar/mundountref/katopodis-y-kaufmann-firmaron-un-acuerdo-para-terminar-el-campus-de-la-sede-lynch']
45,['https://untref.edu.ar/mundountref/en-la-colacion-de-grado-y-posgrado-martin-kaufmann-llamo-a-defender-la-universidad-publica']
46,['https://untref.edu.ar/mundountref/la-revista-ciencia-hoy-continuara-editandose-por-la-untref']
47,['https://untref.edu.ar/mundountref/ya-funciona-en-el-chalten-el-aerogenerador-creado-por-investigadores-de-la-untref']
48,['https://untref.edu.ar/mundountref/coctel-peligroso-aumento-del-crimen-e-insuficientes-respuestas-gubernamentales']
49,['https://untref.edu.ar/mundountref/untref-25-anos-como-se-gesto-una-nueva-identidad-universitaria-en-la-argentina']
50,['https://untref.edu.ar/mundountref/la-untref-y-el-municipio-de-tigre-firman-un-convenio-de-proteccion-medioambiental']
51,['https://untref.edu.ar/mundountref/empezo-el-nuevo-ciclo-de-conferencias-sobre-migraciones-internacionales']
52,['https://untref.edu.ar/mundountref/una-apuesta-necesaria-a-la-educacion-financiera-para-jovenes']
53,['https://untref.edu.ar/mundountref/cat/institucional']
54,['https://untref.edu.ar/mundountref/cat/academico']
55,['https://untref.edu.ar/mundountref/cat/internacional']
56,['https://untref.edu.ar/mundountref/cat/arte-cultura']
57,['https://untref.edu.ar/mundountref/cat/comunidad']
58,['https://untref.edu.ar/mundountref/cat/audiovisual']
59,['https://untref.edu.ar/mundountref/cat/podcast']
60,['https://untref.edu.ar/mundountref/la-untref-marcho-en-defensa-de-la-universidad-publica']
61,['https://untref.edu.ar/mundountref/consumo-problematico-de-juegos-y-apuestas-una-droga-digital-para-los-jovenes']
62,['https://untref.edu.ar/mundountref/la-untref-fue-sede-de-la-semana-de-las-artes']
63,['https://untref.edu.ar/mundountref/expountref-mas-de-1500-visitantes-y-un-fuerte-respaldo-a-la-educacion-publica']
64,['https://untref.edu.ar/mundountref/tags/bienalsur']
65,['https://untref.edu.ar/mundountref/lanzaron-la-convocatoria-abierta-internacional-rumbo-a-bienalsur-2025']
66,['https://untref.edu.ar/mundountref/espana-y-bienalsur-una-reflexion-critica-sobre-la-actualidad-desde-la-mirada-del-arte']
67,['https://untref.edu.ar/mundountref/la-untref-lleva-la-bienalsur-a-la-asamblea-anual-de-la-unesco']
68,['https://untref.edu.ar/mundountref/la-untref-dio-a-conocer-su-oferta-en-la-expouniversidades-2024']
69,['https://untref.edu.ar/mundountref/se-firmo-un-convenio-de-reciprocidad-con-la-universidad-politecnica-de-bucarest']
70,['https://untref.edu.ar/mundountref/3500-personas-vivieron-3f-corre-aventura-la-prueba-atletica-co-organizada-por-la-untref']
71,['https://untref.edu.ar/mundountref/adios-a-eduardo-jozami']
72,['https://untref.edu.ar/mundountref/articulos']
73,['https://untref.edu.ar/mundountref']
74,['https://untref.edu.ar/mundountref/daniel-link-la-inteligencia-artificial-carece-de-imaginacion']
75,['https://untref.edu.ar/mundountref/para-tomas-abraham-la-construccion-del-saber-es-una-accion-colectiva']
76,['https://untref.edu.ar/mundountref/gabriela-ricardes-destaco-el-rol-democratizador-del-arte-circense']
77,['https://untref.edu.ar/events/curso-neurociencias-vinculadas-al-dolor-2']
78,['https://untref.edu.ar/events/el-patrimonio-cultural-como-elemento-de-dinamizacion-turistica']
79,['https://untref.edu.ar/events/convocatoria-interna-concurso-de-composicion-3']
80,['https://untref.edu.ar/events/el-oficio-de-especialista-en-gestion-de-lenguas']
81,['https://untref.edu.ar/events/ciencia-de-datos-topicos-de-captura-analisis-y-visualizacion-de-informacion-1']
82,['https://untref.edu.ar/events/relato-historico-e-identidades-colectivas-judaicas-judeoafro-americanas-y-argentinas']
83,['https://untref.edu.ar/events/el-desarrollo-de-argelia-y-su-relacion-con-argentina-y-el-mundo']
84,['https://untref.edu.ar/events/charla-virtual-todos-deberiamos-ser-anfibios-biologias-colaborativas']
85,['https://untref.edu.ar/events/conversatorio-sobre-el-libro-paisajes-del-pasado']
86,['https://untref.edu.ar/events/curso-de-investigacion-de-mercados-con-r']
87,['https://untref.edu.ar/events/data-analytics-como-tomar-decisiones-basados-en-datos']
88,['https://untref.edu.ar/events/festival-vejeces-y-derechos-voces-desde-los-territorios']
89,['https://untref.edu.ar/events/presentacion-del-libro-enfoques-interdisciplinarios-sobre-la-educacion-investigaciones-y-reflexiones-actuales']
90,['https://untref.edu.ar/events/inteligencia-artificial-aplicada-a-la-generacion-de-informacion-para-la-toma-de-decisiones']
91,['https://untref.edu.ar/events/conversatorio-sonido-y-videojuegos']
92,['https://untref.edu.ar/events/segundo-laboratorio-de-industrias-culturales-sociedad-y-ambiente-de-mutua']
93,['https://untref.edu.ar/events/convocatoria-interna-concurso-de-composicion-4']
94,['https://untref.edu.ar/events/violencia-en-el-ambito-laboral-conceptualizacion-y-formas-de-medicion-2']
95,['https://untref.edu.ar/events/salud-imaginarios-y-fronteras-entre-alimentacion-genero-y-tecnologias-digitales-2']
96,['https://untref.edu.ar/events/educacion-financiera-la-importancia-del-mercado-de-capitales-para-financiar-un-desarrollo-economico-sustentable-1']
97,['https://untref.edu.ar/events/seminario-doctoral-nociones-generales-de-estetica-arabiga-y-mudejar']
98,['https://untref.edu.ar/events/i-congreso-internacional-sudamericano-de-historia-del-arte-xvi-jornadas-de-historia-del-arte']
99,['https://untref.edu.ar/events/i-congreso-internacional-sudamericano-de-historia-del-arte-xvi-jornadas-de-historia-del-arte-1']
100,['https://untref.edu.ar/events/i-congreso-internacional-sudamericano-de-historia-del-arte-xvi-jornadas-de-historia-del-arte-2']
101,['https://untref.edu.ar/events/introduccion-a-los-procesos-sociales-cientificos-artisticos-y-culturales-afroamericanos']
102,['https://untref.edu.ar']
103,['https://www.untref.edu.ar/untref-en-cifras']
104,['https://www.untref.edu.ar/llamado-a-concurso-cerrado-de-oposicion-y-antecedentes-para-cubrir-cargos-del-personal-no-docente']
105,['https://www.untref.edu.ar/autoevaluacion-institucional']
106,['https://www.untref.edu.ar/normativa-institucional']
107,['https://www.untref.edu.ar/comunicacion-y-prensa']
108,['https://www.untref.edu.ar/elecciones-untref-2024']
109,['https://www.untref.edu.ar/comite-interdisciplinario-de-violencia-de-g%C3%A9nero']
110,['https://www.untref.edu.ar/untref-saludable']
111,['https://www.untref.edu.ar/covid']
112,['https://www.untref.edu.ar/estudiar-en-untref']
113,['https://www.untref.edu.ar/carreras']
114,['https://www.untref.edu.ar/departamento-de-alumnos']
115,['https://www.untref.edu.ar/posgrados']
116,['https://www.untref.edu.ar/alumnos-de-posgrado']
117,['https://www.untref.edu.ar/catedra-unesco-de-educacion-superior-y-pueblos-indigenas-y-afrodescendientes-en-america-latina']
118,['https://www.untref.edu.ar/secretaria-academica']
119,['https://www.untref.edu.ar/soevo-orientacion-vocacional']
120,['https://www.untref.edu.ar/tutoriales']
121,['https://www.untref.edu.ar/untref-deportes']
122,['https://www.untref.edu.ar/untref-corre']
123,['https://www.untref.edu.ar/talleres-y-seminarios']
124,['https://www.untref.edu.ar/cursos']
125,['https://www.untref.edu.ar/doble-carrera-deporte-universidad']
126,['https://www.untref.edu.ar/trio-de-cuerdas-untref-extension']
127,['https://www.untref.edu.ar/escuela-de-tango-y-danzas-tradicionales']
128,['https://www.untref.edu.ar/investigacion-y-desarrollo']
129,['https://www.untref.edu.ar/institutos']
130,['https://www.untref.edu.ar/programa-de-estudios-posdoctorales']
131,['https://www.untref.edu.ar/convocatorias']
132,['https://www.untref.edu.ar/ventanillas']
133,['https://www.untref.edu.ar/sigeva-cvar']
134,['https://www.untref.edu.ar/unidades-de-investigacion-untref']
135,['https://www.untref.edu.ar/vigilancia-tecnologica-y-propiedad-intelectual']
136,['https://www.untref.edu.ar/study-abroad']
137,['https://www.untref.edu.ar/cooperacion-internacional']
138,['https://www.untref.edu.ar/suscripcion']
139,['https://www.untref.edu.ar/docentes_departamento']
140,['https://www.untref.edu.ar/sedes']
141,['https://www.untref.edu.ar/autoridades']
142,['https://www.untref.edu.ar/mundountref/el-curso-de-ingreso-sera-intensivo-y-abarcara-los-meses-de-febrero-y-marzo']
143,['https://www.untref.edu.ar/mundountref/crisis-economica-la-argentina-decrece-en-una-region-que-intenta-prosperar']
144,['https://www.untref.edu.ar/mundountref/eric-sadin-el-origen-de-la-locura-es-cuando-ya-nadie-cree-en-nada']
145,['https://www.untref.edu.ar/mundountref/las-inscripciones-para-las-carreras-de-grado-2025-comenzaran-el-7-de-octubre']
146,['https://www.untref.edu.ar/mundountref/katopodis-y-kaufmann-firmaron-un-acuerdo-para-terminar-el-campus-de-la-sede-lynch']
147,['https://www.untref.edu.ar/mundountref/en-la-colacion-de-grado-y-posgrado-martin-kaufmann-llamo-a-defender-la-universidad-publica']
148,['https://www.untref.edu.ar/mundountref/la-revista-ciencia-hoy-continuara-editandose-por-la-untref']
149,['https://www.untref.edu.ar/mundountref/ya-funciona-en-el-chalten-el-aerogenerador-creado-por-investigadores-de-la-untref']
150,['https://www.untref.edu.ar/mundountref/coctel-peligroso-aumento-del-crimen-e-insuficientes-respuestas-gubernamentales']
151,['https://www.untref.edu.ar/mundountref/untref-25-anos-como-se-gesto-una-nueva-identidad-universitaria-en-la-argentina']
152,['https://www.untref.edu.ar/mundountref/la-untref-y-el-municipio-de-tigre-firman-un-convenio-de-proteccion-medioambiental']
153,['https://www.untref.edu.ar/mundountref/empezo-el-nuevo-ciclo-de-conferencias-sobre-migraciones-internacionales']
154,['https://www.untref.edu.ar/mundountref/una-apuesta-necesaria-a-la-educacion-financiera-para-jovenes']
155,['https://www.untref.edu.ar/mundountref/cat/institucional']
156,['https://www.untref.edu.ar/mundountref/cat/academico']
157,['https://www.untref.edu.ar/mundountref/cat/internacional']
158,['https://www.untref.edu.ar/mundountref/cat/arte-cultura']
159,['https://www.untref.edu.ar/mundountref/cat/comunidad']
160,['https://www.untref.edu.ar/mundountref/cat/audiovisual']
161,['https://www.untref.edu.ar/mundountref/cat/podcast']
162,['https://www.untref.edu.ar/mundountref/la-untref-marcho-en-defensa-de-la-universidad-publica']
163,['https://www.untref.edu.ar/mundountref/consumo-problematico-de-juegos-y-apuestas-una-droga-digital-para-los-jovenes']
164,['https://www.untref.edu.ar/mundountref/la-untref-fue-sede-de-la-semana-de-las-artes']
165,['https://www.untref.edu.ar/mundountref/expountref-mas-de-1500-visitantes-y-un-fuerte-respaldo-a-la-educacion-publica']
166,['https://www.untref.edu.ar/mundountref/tags/bienalsur']
167,['https://www.untref.edu.ar/mundountref/lanzaron-la-convocatoria-abierta-internacional-rumbo-a-bienalsur-2025']
168,['https://www.untref.edu.ar/mundountref/espana-y-bienalsur-una-reflexion-critica-sobre-la-actualidad-desde-la-mirada-del-arte']
169,['https://www.untref.edu.ar/mundountref/la-untref-lleva-la-bienalsur-a-la-asamblea-anual-de-la-unesco']
170,['https://www.untref.edu.ar/mundountref/la-untref-dio-a-conocer-su-oferta-en-la-expouniversidades-2024']
171,['https://www.untref.edu.ar/mundountref/se-firmo-un-convenio-de-reciprocidad-con-la-universidad-politecnica-de-bucarest']
172,['https://www.untref.edu.ar/mundountref/3500-personas-vivieron-3f-corre-aventura-la-prueba-atletica-co-organizada-por-la-untref']
173,['https://www.untref.edu.ar/mundountref/adios-a-eduardo-jozami']
174,['https://www.untref.edu.ar/mundountref/articulos']
175,['https://www.untref.edu.ar/mundountref']
176,['https://www.untref.edu.ar/mundountref/daniel-link-la-inteligencia-artificial-carece-de-imaginacion']
177,['https://www.untref.edu.ar/mundountref/para-tomas-abraham-la-construccion-del-saber-es-una-accion-colectiva']
178,['https://www.untref.edu.ar/mundountref/gabriela-ricardes-destaco-el-rol-democratizador-del-arte-circense']
179,['https://www.untref.edu.ar']
180,['https://lingua.untref.edu.ar']
181,['https://untref.edu.ar/muntref/']
182,['https://untref.edu.ar/muntref/es/muestras/nuevo-vitral-de-luis-felipe-noe-en-muntref-inmigrantes/']
183,['https://untref.edu.ar/muntref/es/noticias/una-nueva-exposicion-en-el-centro-de-arte-contemporaneo-de-la-untref-recupera-el-arte-textil-argentino-de-la-segunda-mitad-del-siglo-xx/']
184,['https://untref.edu.ar/muntref/es/noticias/muntref-recorridos-virtuales-unicos-en-la-region/']
185,['https://untref.edu.ar/muntref/es']
186,['https://untref.edu.ar/muntref/es/autoridades-muntref']
187,['https://untref.edu.ar/muntref/es/acerca-de-muntref']
188,['https://untref.edu.ar/muntref/es/archivo-de-muestras/a2024']
189,['https://untref.edu.ar/muntref/es/recorridos-virtuales']
190,['https://untref.edu.ar/muntref/es/educacion']
191,['https://untref.edu.ar/muntref/es/ubicacion']
192,['https://untref.edu.ar/muntref/es/prensa']
193,['https://untref.edu.ar/muntref/es/contacto']
194,['https://untref.edu.ar/muntref/es/muestras/correspondencias-transmodales']
195,['https://untref.edu.ar/muntref/es/muestras/analisis-y-representacion-sensible-de-datos-ayrsd']
196,['https://untref.edu.ar/muntref/es/muestras/intercambios-transorganicos']
197,['https://untref.edu.ar/muntref/es/muestras/sierva-tecnociencia-al-servicio-de-aberracion-opticas']
198,['https://untref.edu.ar/muntref/es/noticias/colaboracion-con-el-museo-italiano-de-melbourne/']
199,['https://untref.edu.ar/muntref/es/muestras/baile-circular']
200,['https://untref.edu.ar/muntref/es/muestras/azucena-miralles-memoria-andina-archivo-del-arte-textil-en-buenos-aires-1963-1981']
201,['https://untref.edu.ar/muntref/es/muestras/entre-los-tiempos']
202,['https://untref.edu.ar/muntref/es/muestras/todo-y-nada-estan-ahi-para-ser-dichos']
203,['https://untref.edu.ar/muntref/es/muestras/del-mediterraneo-oriental-al-plata']
204,['https://untref.edu.ar/muntref/es/muestras/para-todos-los-hombres-del-mundo-2']
205,['https://untref.edu.ar/muntref/es/noticias/nuevo-vitral-de-luis-felipe-noe-en-muntref-inmigrantes/']
206,['https://untref.edu.ar/muntref/es/noticias/exposicion-sobre-la-cultura-lucana-en-el-muntref-inmigrantes/']
207,['https://untref.edu.ar/muntref/es/noticias/una-nueva-exposicion-en-el-centro-de-arte-contemporaneo-de-la-untref-recupera-el-arte-textil-argentino-de-la-segunda-mitad-del-siglo-xx-2/']
208,['https://untref.edu.ar/muntref/es/noticias/desde-junio-dos-nuevas-exposiciones-integran-la-programacion-de-muntref/']
209,['https://untref.edu.ar/muntref/es/']
210,['https://untref.edu.ar/muntref/es/arte-y-naturaleza']
211,['https://untref.edu.ar/muntref/es/arte-y-ciencia']
212,['https://untref.edu.ar/muntref/es/museo-de-la-inmigracion']
213,['https://untref.edu.ar/muntref/es/centro-de-arte-contemporaneo']
214,['https://untref.edu.ar/muntref/es/museo-de-artes-visuales']
215,['https://untref.edu.ar/muntref/es/archivo-de-muestras/a2020']
216,['https://untref.edu.ar/muntref/en']
217,['https://untref.edu.ar/muntref/en/muestras/the-gestures-of-work/']
218,['https://untref.edu.ar/muntref/en/muestras/for-all-people-in-the-world/']
219,['https://untref.edu.ar/muntref/en/noticias/muntref-unique-virtual-tours-in-the-region/']
220,['https://untref.edu.ar/muntref/en/authorities']
221,['https://untref.edu.ar/muntref/en/about-muntref']
222,['https://untref.edu.ar/muntref/en/exhibition-files/a2024']
223,['https://untref.edu.ar/muntref/en/virtual-tours']
224,['https://untref.edu.ar/muntref/en/education']
225,['https://untref.edu.ar/muntref/en/location']
226,['https://untref.edu.ar/muntref/en/press']
227,['https://untref.edu.ar/muntref/en/contact']
228,['https://untref.edu.ar/muntref/en/muestras/crossmodal-correspondences-2']
229,['https://untref.edu.ar/muntref/en/muestras/crossmodal-correspondences']
230,['https://untref.edu.ar/muntref/en/muestras/transorganic-exchanges']
231,['https://untref.edu.ar/muntref/en/muestras/sierva-technoscience-for-optical-aberrations']
232,['https://untref.edu.ar/muntref/en/noticias/the-center-for-art-and-nature-ideas-laboratory/']
233,['https://untref.edu.ar/muntref/en/muestras/from-the-eastern-mediterranean-to-the-plata']
234,['https://untref.edu.ar/muntref/en/muestras/for-all-people-in-the-world']
235,['https://untref.edu.ar/muntref/en/noticias/the-muntref-museum-view-app-has-incorporated-new-immersive-experiences/']
236,['https://untref.edu.ar/muntref/en/']
237,['https://untref.edu.ar/muntref/en/center-of-art-and-nature']
238,['https://untref.edu.ar/muntref/en/center-of-art-and-science']
239,['https://untref.edu.ar/muntref/en/museum-of-immigration']
240,['https://untref.edu.ar/muntref/en/center-of-contemporary-art']
241,['https://untref.edu.ar/muntref/en/museum-of-visual-arts']
242,['https://untref.edu.ar/muntref/en/exhibition-files/a2020']
243,['https://untref.edu.ar/muntref/en/educacion']
244,['https://untref.edu.ar/mundountref/tags/']
245,['https://untref.edu.ar/mundountref/tags/administracion-de-empresas']
246,['https://untref.edu.ar/mundountref/tags/administracion-publica']
247,['https://untref.edu.ar/mundountref/tags/administracion-y-gestion-de-politicas-sociales']
248,['https://untref.edu.ar/mundountref/tags/ajedrez']
249,['https://untref.edu.ar/mundountref/tags/alumnos']
250,['https://untref.edu.ar/mundountref/tags/america-latina']
251,['https://untref.edu.ar/mundountref/tags/arte']
252,['https://untref.edu.ar/mundountref/tags/artes-del-circo']
253,['https://untref.edu.ar/mundountref/tags/artes-electronicas']
254,['https://untref.edu.ar/mundountref/tags/becas']
255,['https://untref.edu.ar/mundountref/tags/biblioteca-y-centros-de-documentacion']
256,['https://untref.edu.ar/mundountref/tags/carrera-tag-test']
257,['https://untref.edu.ar/mundountref/tags/carreras']
258,['https://untref.edu.ar/mundountref/tags/cees']
259,['https://untref.edu.ar/mundountref/tags/ceiarte']
260,['https://untref.edu.ar/mundountref/tags/ceipsu']
261,['https://untref.edu.ar/mundountref/tags/celiv']
262,['https://untref.edu.ar/mundountref/tags/charlas']
263,['https://untref.edu.ar/mundountref/tags/ciclo-de-conciertos-para-ensambles']
264,['https://untref.edu.ar/mundountref/tags/cidem']
265,['https://untref.edu.ar/mundountref/tags/ciea']
266,['https://untref.edu.ar/mundountref/tags/ciencias-de-la-educacion']
267,['https://untref.edu.ar/mundountref/tags/cine']
268,['https://untref.edu.ar/mundountref/tags/cinea']
269,['https://untref.edu.ar/mundountref/tags/circo']
270,['https://untref.edu.ar/mundountref/tags/cistas']
271,['https://untref.edu.ar/mundountref/tags/cistas-1']
272,['https://untref.edu.ar/mundountref/tags/coloquios']
273,['https://untref.edu.ar/mundountref/tags/competencias']
274,['https://untref.edu.ar/mundountref/tags/computacion']
275,['https://untref.edu.ar/mundountref/tags/comunicacion-politica']
276,['https://untref.edu.ar/mundountref/tags/diplomatura-en-comunicacion-politica-y-de-gobierno']
277,['https://untref.edu.ar/mundountref/tags/comunicado']
278,['https://untref.edu.ar/mundountref/tags/concierto']
279,['https://untref.edu.ar/mundountref/tags/concurso']
280,['https://untref.edu.ar/mundountref/tags/conferencia-completa']
281,['https://untref.edu.ar/mundountref/tags/conferencias']
282,['https://untref.edu.ar/mundountref/tags/congreso']
283,['https://untref.edu.ar/mundountref/tags/contraluz-cine']
284,['https://untref.edu.ar/mundountref/tags/convenio']
285,['https://untref.edu.ar/mundountref/tags/cuarteto-de-cuerdas']
286,['https://untref.edu.ar/mundountref/tags/cuerpo-de-obra']
287,['https://untref.edu.ar/mundountref/tags/cultura']
288,['https://untref.edu.ar/mundountref/tags/curaduria']
289,['https://untref.edu.ar/mundountref/tags/curso-de-genetica-y-derechos-humanos']
290,['https://untref.edu.ar/mundountref/tags/curso-de-posgrado-en-gestion-del-patrimonio-cultural']
291,['https://untref.edu.ar/mundountref/tags/curso-de-posgrado-en-industrias-culturales-claves-para-su-gestion-y-desarrollo']
292,['https://untref.edu.ar/mundountref/tags/curso-de-posgrado-en-integracion-latinoamericana-y-dilemas-de-insercion-internacional-de-la-region']
293,['https://untref.edu.ar/mundountref/tags/curso-de-posgrado-en-negociacion']
294,['https://untref.edu.ar/mundountref/tags/politicas-y-gestion-del-sector-agroalimentario']
295,['https://untref.edu.ar/mundountref/tags/sistemas-de-calidad-y-comercio-internacional-de-los-alimentos']
296,['https://untref.edu.ar/mundountref/tags/curso-interdisciplinario-de-posgrado-metodologia-non-standard']
297,['https://untref.edu.ar/mundountref/tags/curso-sobre-sistema-financiero-y-deuda-publica-origen-estado-actual-e-implicancias-del-conflicto-con-los-fondos-buitres']
298,['https://untref.edu.ar/mundountref/tags/cursos']
299,['https://untref.edu.ar/mundountref/tags/ddhh']
300,['https://untref.edu.ar/mundountref/tags/deportes']
301,['https://untref.edu.ar/mundountref/tags/desarrollo-infantil']
302,['https://untref.edu.ar/mundountref/tags/destacados']
303,['https://untref.edu.ar/mundountref/tags/dia-nacional']
304,['https://untref.edu.ar/mundountref/tags/diplomatura-en-ulceras-y-heridas']
305,['https://untref.edu.ar/mundountref/tags/diplomatura-en-atencion-primaria-de-la-salud-aps']
306,['https://untref.edu.ar/mundountref/tags/diplomatura-en-ergonomia']
307,['https://untref.edu.ar/mundountref/tags/diplomatura-en-inclusion-escolar-con-orientacion-en-tes-trastornos-emocionales-severos']
308,['https://untref.edu.ar/mundountref/tags/diplomatura-en-marketing-deportivo']
309,['https://untref.edu.ar/mundountref/tags/diplomatura-en-negociacion-y-metodos-adecuados-de-resolucion-de-conflictos-laborales']
310,['https://untref.edu.ar/mundountref/tags/diplomatura-en-Relaciones-Sindicales-Internacionales']
311,['https://untref.edu.ar/mundountref/tags/diplomatura-superior-en-análisis-institucional-y-organizaciones-educativas']
312,['https://untref.edu.ar/mundountref/tags/diplomatura-universitaria-en-ensenanza-del-ajedrez']
313,['https://untref.edu.ar/mundountref/tags/diplomaturas']
314,['https://untref.edu.ar/mundountref/tags/direccion-de-instituciones-educativas']
315,['https://untref.edu.ar/mundountref/tags/doc-untref']
316,['https://untref.edu.ar/mundountref/tags/docentes']
317,['https://untref.edu.ar/mundountref/tags/doctorado-en-derecho-del-trabajo']
318,['https://untref.edu.ar/mundountref/tags/doctorado-en-educacion']
319,['https://untref.edu.ar/mundountref/tags/doctorado-en-epistemologia-e-historia-de-la-ciencia']
320,['https://untref.edu.ar/mundountref/tags/doctorado-en-historia']
321,['https://untref.edu.ar/mundountref/tags/doctorado-en-política-y-gestion-de-la-educación-superior']
322,['https://untref.edu.ar/mundountref/tags/doctorado-en-teoria-comparada-de-las-artes']
323,['https://untref.edu.ar/mundountref/tags/documental']
324,['https://untref.edu.ar/mundountref/tags/economia']
325,['https://untref.edu.ar/mundountref/tags/educacion']
326,['https://untref.edu.ar/mundountref/tags/educacion-de-la-primera-infancia']
327,['https://untref.edu.ar/mundountref/tags/educacion-intercultural']
328,['https://untref.edu.ar/mundountref/tags/educacion-secundaria']
329,['https://untref.edu.ar/mundountref/tags/eduntref']
330,['https://untref.edu.ar/mundountref/tags/enfermeria-2']
331,['https://untref.edu.ar/mundountref/tags/enfermeria']
332,['https://untref.edu.ar/mundountref/tags/ensenanza-de-baile-de-tango']
333,['https://untref.edu.ar/mundountref/tags/ensenanza-superior-en-ciencias-de-la-salud']
334,['https://untref.edu.ar/mundountref/tags/entrevistas']
335,['https://untref.edu.ar/mundountref/tags/escritura-creativa']
336,['https://untref.edu.ar/mundountref/tags/especializacion-en-diseno-conceptual']
337,['https://untref.edu.ar/mundountref/tags/especializacion-en-docencia-universitaria']
338,['https://untref.edu.ar/mundountref/tags/especializacion-en-economia-y-negocios-con-asia-del-pacifico-e-india']
339,['https://untref.edu.ar/mundountref/tags/estudios-afroamericanos']
340,['https://untref.edu.ar/mundountref/tags/estudios-arabes-americano-arabes-e-islamicos']
341,['https://untref.edu.ar/mundountref/tags/especializacion-en-estudios-indoamericanos']
342,['https://untref.edu.ar/mundountref/tags/estudios-judaicos-y-judeoamericanos']
343,['https://untref.edu.ar/mundountref/tags/especializacion-en-gestion-de-la-tecnologia-y-la-innovacion']
344,['https://untref.edu.ar/mundountref/tags/especializacion-en-gestion-de-lenguas']
345,['https://untref.edu.ar/mundountref/tags/especializacion-en-gestion-logistica-calidad-y-comercio-internacional-con-orientacion-en-alimentos']
346,['https://untref.edu.ar/mundountref/tags/especializacion-en-gestion-para-la-defensa']
347,['https://untref.edu.ar/mundountref/tags/especializacion-en-gestion-publica']
348,['https://untref.edu.ar/mundountref/tags/especializacion-en-industrias-culturales-en-la-convergencia-digital-2']
349,['https://untref.edu.ar/mundountref/tags/especializacion-en-infancia-temprana-y-practicas-institucionales']
350,['https://untref.edu.ar/mundountref/tags/especializacion-en-intervencion-y-gestion-gerontologica']
351,['https://untref.edu.ar/mundountref/tags/especializacion-en-politicas-agroalimentarias']
352,['https://untref.edu.ar/mundountref/tags/especializacion-en-politicas-sociales-urbanas']
353,['https://untref.edu.ar/mundountref/tags/especializacion-en-tributacion-local']
354,['https://untref.edu.ar/mundountref/tags/orientacion-vocacional-y-educativa']
355,['https://untref.edu.ar/mundountref/tags/especializacion-y-diplomatura-en-derechos-humanos']
356,['https://untref.edu.ar/mundountref/tags/especializacion-y-maestria-en-curaduria-en-artes-visuales']
357,['https://untref.edu.ar/mundountref/tags/estacion-untref']
358,['https://untref.edu.ar/mundountref/tags/estadistica']
359,['https://untref.edu.ar/mundountref/tags/estadistica-1']
360,['https://untref.edu.ar/mundountref/tags/estadistica-2']
361,['https://untref.edu.ar/mundountref/tags/estrenos']
362,['https://untref.edu.ar/mundountref/tags/eventos']
363,['https://untref.edu.ar/mundountref/tags/extension']
364,['https://untref.edu.ar/mundountref/tags/festival']
365,['https://untref.edu.ar/mundountref/tags/ficcion']
366,['https://untref.edu.ar/mundountref/tags/filosofia']
367,['https://untref.edu.ar/mundountref/tags/flisol']
368,['https://untref.edu.ar/mundountref/tags/fotografia']
369,['https://untref.edu.ar/mundountref/tags/futbol']
370,['https://untref.edu.ar/mundountref/tags/galeria-de-fotos']
371,['https://untref.edu.ar/mundountref/tags/genero']
372,['https://untref.edu.ar/mundountref/tags/genocidio']
373,['https://untref.edu.ar/mundountref/tags/geografia-complementacion']
374,['https://untref.edu.ar/mundountref/tags/geografia']
375,['https://untref.edu.ar/mundountref/tags/diplomatura-en-gestion-de-calidad-en-instituciones-de-salud']
376,['https://untref.edu.ar/mundountref/tags/gestion-del-arte-y-la-cultura']
377,['https://untref.edu.ar/mundountref/tags/gestion-del-deporte-complementacion']
378,['https://untref.edu.ar/mundountref/tags/gestion-educativa']
379,['https://untref.edu.ar/mundountref/tags/gestion-y-docencia-para-la-educacion-superior']
380,['https://untref.edu.ar/mundountref/tags/gestion-y-evaluacion-de-instituciones-educativas']
381,['https://untref.edu.ar/mundountref/tags/graduados']
382,['https://untref.edu.ar/mundountref/tags/hibridos']
383,['https://untref.edu.ar/mundountref/tags/higiene-y-seguridad-del-trabajo']
384,['https://untref.edu.ar/mundountref/tags/historia']
385,['https://untref.edu.ar/mundountref/tags/hockey']
386,['https://untref.edu.ar/mundountref/tags/honoris-causa']
387,['https://untref.edu.ar/mundountref/tags/iiac']
388,['https://untref.edu.ar/mundountref/tags/infancia']
389,['https://untref.edu.ar/mundountref/tags/ingenieria']
390,['https://untref.edu.ar/mundountref/tags/ingenieria-ambiental']
391,['https://untref.edu.ar/mundountref/tags/ingenieria-de-sonido']
392,['https://untref.edu.ar/mundountref/tags/ingenieria-en-computacion']
393,['https://untref.edu.ar/mundountref/tags/institucional']
394,['https://untref.edu.ar/mundountref/tags/instituto-tag-test']
395,['https://untref.edu.ar/mundountref/tags/instrumentacion-quirurgica']
396,['https://untref.edu.ar/mundountref/tags/internacional']
397,['https://untref.edu.ar/mundountref/tags/investigacion']
398,['https://untref.edu.ar/mundountref/tags/iommi']
399,['https://untref.edu.ar/mundountref/tags/libro']
400,['https://untref.edu.ar/mundountref/tags/literatura']
401,['https://untref.edu.ar/mundountref/tags/logistica']
402,['https://untref.edu.ar/mundountref/tags/maestria']
403,['https://untref.edu.ar/mundountref/tags/maestria-en-abogacia-del-estado']
404,['https://untref.edu.ar/mundountref/tags/maestria-en-analisis-politico']
405,['https://untref.edu.ar/mundountref/tags/maestria-en-creacion-musical-nuevas-tecnologias-y-artes-tradicionales']
406,['https://untref.edu.ar/mundountref/tags/maestria-en-derecho-del-trabajo-y-relaciones-laborales-internacionales']
407,['https://untref.edu.ar/mundountref/tags/maestría-en-derechos-humanos-estado-y-sociedad']
408,['https://untref.edu.ar/mundountref/tags/maestria-en-diversidad-cultural']
409,['https://untref.edu.ar/mundountref/tags/maestria-en-ensenanza-de-la-historia']
410,['https://untref.edu.ar/mundountref/tags/maestria-en-epistemologia-e-historia-de-la-ciencia']
411,['https://untref.edu.ar/mundountref/tags/maestria-en-escritura-creativa']
412,['https://untref.edu.ar/mundountref/tags/maestria-en-escritura-creativa-trabajos']
413,['https://untref.edu.ar/mundountref/tags/maestria-en-estudios-literarios-latinoamericanos']
414,['https://untref.edu.ar/mundountref/tags/maestria-en-estudios-y-politicas-de-genero']
415,['https://untref.edu.ar/mundountref/tags/maestria-en-generacion-y-analisis-de-informacion-estadistica']
416,['https://untref.edu.ar/mundountref/tags/maestria-en-gestion-de-lenguas']
417,['https://untref.edu.ar/mundountref/tags/maestria-en-gestion-y-evaluacion-de-la-educacion']
418,['https://untref.edu.ar/mundountref/tags/maestria-en-historia']
419,['https://untref.edu.ar/mundountref/tags/maestria-en-integracion-latinoamericana']
420,['https://untref.edu.ar/mundountref/tags/maestria-en-metodologia-de-la-investigacion-social-2']
421,['https://untref.edu.ar/mundountref/tags/maestria-en-periodismo-documental']
422,['https://untref.edu.ar/mundountref/tags/maestria-en-politicas-sociales-urbanas']
423,['https://untref.edu.ar/mundountref/tags/maestria-en-politicas-y-administracion-de-la-educacion']
424,['https://untref.edu.ar/mundountref/tags/maestria-en-politicas-y-gestion-de-las-migraciones-internacionales']
425,['https://untref.edu.ar/mundountref/tags/maestria-en-relaciones-comerciales-internacionales']
426,['https://untref.edu.ar/mundountref/tags/maestria-en-sociologia-politica-internacional']
427,['https://untref.edu.ar/mundountref/tags/maestria-en-tecnologia-y-estetica-de-las-artes-electronicas']
428,['https://untref.edu.ar/mundountref/tags/maestria-en-teoria-social-e-investigacion-empirica']
429,['https://untref.edu.ar/mundountref/tags/migraciones']
430,['https://untref.edu.ar/mundountref/tags/mucho-mas-untref']
431,['https://untref.edu.ar/mundountref/tags/muestras']
432,['https://untref.edu.ar/mundountref/tags/muntref']
433,['https://untref.edu.ar/mundountref/tags/musica']
434,['https://untref.edu.ar/mundountref/tags/musica-autoctona-clasica-y-popular-de-america']
435,['https://untref.edu.ar/mundountref/tags/natacion']
436,['https://untref.edu.ar/mundountref/tags/neo-media-lab']
437,['https://untref.edu.ar/mundountref/tags/nifede']
438,['https://untref.edu.ar/mundountref/tags/licenciatura-en-nutricion']
439,['https://untref.edu.ar/mundountref/tags/nutricion']
440,['https://untref.edu.ar/mundountref/tags/oiant']
441,['https://untref.edu.ar/mundountref/tags/orquesta']
442,['https://untref.edu.ar/mundountref/tags/pandemia']
443,['https://untref.edu.ar/mundountref/tags/periodismo-documental']
444,['https://untref.edu.ar/mundountref/tags/planeamiento-y-gestion-de-la-educacion']
445,['https://untref.edu.ar/mundountref/tags/podcast']
446,['https://untref.edu.ar/mundountref/tags/podcast-1']
447,['https://untref.edu.ar/mundountref/tags/podcast-2']
448,['https://untref.edu.ar/mundountref/tags/posgrado-en-administracion-tributaria-subnacional']
449,['https://untref.edu.ar/mundountref/tags/posgrado-en-economia-social-y-direccion-de-entidades-sin-fines-de-lucro']
450,['https://untref.edu.ar/mundountref/tags/posgrado-en-logistica-y-calidad-de-los-alimentos']
451,['https://untref.edu.ar/mundountref/tags/posgrado-en-gestion-logistica-y-comercio-internacional-con-orientacion-en-alimentos']
452,['https://untref.edu.ar/mundountref/tags/posgrado-en-tratamiento-de-adicciones-toxicas-y-no-toxicas']
453,['https://untref.edu.ar/mundountref/tags/posgrado-tag-test']
454,['https://untref.edu.ar/mundountref/tags/posgrados']
455,['https://untref.edu.ar/mundountref/tags/premios']
456,['https://untref.edu.ar/mundountref/tags/produccion-audiovisual']
457,['https://untref.edu.ar/mundountref/tags/profesorado-en-geografia-complementacion']
458,['https://untref.edu.ar/mundountref/tags/profesorado-en-historia']
459,['https://untref.edu.ar/mundountref/tags/licenciatura-en-proteccion-civil-y-emergencias']
460,['https://untref.edu.ar/mundountref/tags/proyectos']
461,['https://untref.edu.ar/mundountref/tags/psicomotricidad']
462,['https://untref.edu.ar/mundountref/tags/publicaciones']
463,['https://untref.edu.ar/mundountref/tags/pueblos-originarios']
464,['https://untref.edu.ar/mundountref/tags/realidad-virtual']
465,['https://untref.edu.ar/mundountref/tags/reconocimientos']
466,['https://untref.edu.ar/mundountref/tags/relaciones-comerciales-internacionales']
467,['https://untref.edu.ar/mundountref/tags/resolucion-de-conflictos-y-mediacion']
468,['https://untref.edu.ar/mundountref/tags/ribei']
469,['https://untref.edu.ar/mundountref/tags/rugby']
470,['https://untref.edu.ar/mundountref/tags/salud']
471,['https://untref.edu.ar/mundountref/tags/secundaria']
472,['https://untref.edu.ar/mundountref/tags/seminario']
473,['https://untref.edu.ar/mundountref/tags/series-web']
474,['https://untref.edu.ar/mundountref/tags/sistemas-de-informacion-geografica']
475,['https://untref.edu.ar/mundountref/tags/sociedad']
476,['https://untref.edu.ar/mundountref/tags/sociologia']
477,['https://untref.edu.ar/mundountref/tags/soevo']
478,['https://untref.edu.ar/mundountref/tags/solidaridad']
479,['https://untref.edu.ar/mundountref/tags/sonido']
480,['https://untref.edu.ar/mundountref/tags/taller']
481,['https://untref.edu.ar/mundountref/tags/tango']
482,['https://untref.edu.ar/mundountref/tags/teatro']
483,['https://untref.edu.ar/mundountref/tags/tecnologia']
484,['https://untref.edu.ar/mundountref/tags/tips']
485,['https://untref.edu.ar/mundountref/tags/torneos']
486,['https://untref.edu.ar/mundountref/tags/trayectorias']
487,['https://untref.edu.ar/mundountref/tags/un3']
488,['https://untref.edu.ar/mundountref/tags/unesco']
489,['https://untref.edu.ar/mundountref/tags/untref-media']
490,['https://untref.edu.ar/mundountref/tags/untref-saludable']
491,['https://untref.edu.ar/mundountref/tags/untref-sonoro']
492,['https://untref.edu.ar/mundountref/tags/untref-virtual']
493,['https://untref.edu.ar/mundountref/tags/videojuegos']
494,['https://untref.edu.ar/mundountref/tags/visitas']
495,['https://untref.edu.ar/mundountref/tags/voley']
496,['https://untref.edu.ar/mundountref/tags/xirgu']
497,['En el evento']
498,[' organizado por la Municipalidad de Tres de Febrero']
499,['Con máximo pesar']
500,[' la Universidad Nacional de Tres de Febrero comunica el fallecimiento del Dr. Eduardo Jozami']
501,['https://untref.edu.ar/muntref']
502,['https://www.untref.edu.ar/mundountref/tags/']
503,['https://www.untref.edu.ar/mundountref/tags/administracion-de-empresas']
504,['https://www.untref.edu.ar/mundountref/tags/administracion-publica']
505,['https://www.untref.edu.ar/mundountref/tags/administracion-y-gestion-de-politicas-sociales']
506,['https://www.untref.edu.ar/mundountref/tags/ajedrez']
507,['https://www.untref.edu.ar/mundountref/tags/alumnos']
508,['https://www.untref.edu.ar/mundountref/tags/america-latina']
509,['https://www.untref.edu.ar/mundountref/tags/artes-del-circo']
510,['https://www.untref.edu.ar/mundountref/tags/artes-electronicas']
511,['https://www.untref.edu.ar/mundountref/tags/arte']
512,['https://www.untref.edu.ar/mundountref/tags/becas']
513,['https://www.untref.edu.ar/mundountref/tags/biblioteca-y-centros-de-documentacion']
514,['https://www.untref.edu.ar/mundountref/tags/carrera-tag-test']
515,['https://www.untref.edu.ar/mundountref/tags/carreras']
516,['https://www.untref.edu.ar/mundountref/tags/cees']
517,['https://www.untref.edu.ar/mundountref/tags/ceiarte']
518,['https://www.untref.edu.ar/mundountref/tags/ceipsu']
519,['https://www.untref.edu.ar/mundountref/tags/celiv']
520,['https://www.untref.edu.ar/mundountref/tags/charlas']
521,['https://www.untref.edu.ar/mundountref/tags/ciclo-de-conciertos-para-ensambles']
522,['https://www.untref.edu.ar/mundountref/tags/cidem']
523,['https://www.untref.edu.ar/mundountref/tags/ciea']
524,['https://www.untref.edu.ar/mundountref/tags/ciencias-de-la-educacion']
525,['https://www.untref.edu.ar/mundountref/tags/cine']
526,['https://www.untref.edu.ar/mundountref/tags/cinea']
527,['https://www.untref.edu.ar/mundountref/tags/circo']
528,['https://www.untref.edu.ar/mundountref/tags/cistas']
529,['https://www.untref.edu.ar/mundountref/tags/cistas-1']
530,['https://www.untref.edu.ar/mundountref/tags/coloquios']
531,['https://www.untref.edu.ar/mundountref/tags/competencias']
532,['https://www.untref.edu.ar/mundountref/tags/computacion']
533,['https://www.untref.edu.ar/mundountref/tags/comunicacion-politica']
534,['https://www.untref.edu.ar/mundountref/tags/diplomatura-en-comunicacion-politica-y-de-gobierno']
535,['https://www.untref.edu.ar/mundountref/tags/comunicado']
536,['https://www.untref.edu.ar/mundountref/tags/concierto']
537,['https://www.untref.edu.ar/mundountref/tags/concurso']
538,['https://www.untref.edu.ar/mundountref/tags/conferencia-completa']
539,['https://www.untref.edu.ar/mundountref/tags/conferencias']
540,['https://www.untref.edu.ar/mundountref/tags/congreso']
541,['https://www.untref.edu.ar/mundountref/tags/contraluz-cine']
542,['https://www.untref.edu.ar/mundountref/tags/convenio']
543,['https://www.untref.edu.ar/mundountref/tags/cuarteto-de-cuerdas']
544,['https://www.untref.edu.ar/mundountref/tags/cuerpo-de-obra']
545,['https://www.untref.edu.ar/mundountref/tags/cultura']
546,['https://www.untref.edu.ar/mundountref/tags/curaduria']
547,['https://www.untref.edu.ar/mundountref/tags/curso-de-genetica-y-derechos-humanos']
548,['https://www.untref.edu.ar/mundountref/tags/curso-de-posgrado-en-gestion-del-patrimonio-cultural']
549,['https://www.untref.edu.ar/mundountref/tags/curso-de-posgrado-en-industrias-culturales-claves-para-su-gestion-y-desarrollo']
550,['https://www.untref.edu.ar/mundountref/tags/curso-de-posgrado-en-integracion-latinoamericana-y-dilemas-de-insercion-internacional-de-la-region']
551,['https://www.untref.edu.ar/mundountref/tags/curso-de-posgrado-en-negociacion']
552,['https://www.untref.edu.ar/mundountref/tags/politicas-y-gestion-del-sector-agroalimentario']
553,['https://www.untref.edu.ar/mundountref/tags/sistemas-de-calidad-y-comercio-internacional-de-los-alimentos']
554,['https://www.untref.edu.ar/mundountref/tags/curso-interdisciplinario-de-posgrado-metodologia-non-standard']
555,['https://www.untref.edu.ar/mundountref/tags/curso-sobre-sistema-financiero-y-deuda-publica-origen-estado-actual-e-implicancias-del-conflicto-con-los-fondos-buitres']
556,['https://www.untref.edu.ar/mundountref/tags/cursos']
557,['https://www.untref.edu.ar/mundountref/tags/ddhh']
558,['https://www.untref.edu.ar/mundountref/tags/deportes']
559,['https://www.untref.edu.ar/mundountref/tags/desarrollo-infantil']
560,['https://www.untref.edu.ar/mundountref/tags/destacados']
561,['https://www.untref.edu.ar/mundountref/tags/dia-nacional']
562,['https://www.untref.edu.ar/mundountref/tags/diplomatura-en-ulceras-y-heridas']
563,['https://www.untref.edu.ar/mundountref/tags/diplomatura-en-atencion-primaria-de-la-salud-aps']
564,['https://www.untref.edu.ar/mundountref/tags/diplomatura-en-ergonomia']
565,['https://www.untref.edu.ar/mundountref/tags/diplomatura-en-inclusion-escolar-con-orientacion-en-tes-trastornos-emocionales-severos']
566,['https://www.untref.edu.ar/mundountref/tags/diplomatura-en-marketing-deportivo']
567,['https://www.untref.edu.ar/mundountref/tags/diplomatura-en-negociacion-y-metodos-adecuados-de-resolucion-de-conflictos-laborales']
568,['https://www.untref.edu.ar/mundountref/tags/diplomatura-en-Relaciones-Sindicales-Internacionales']
569,['https://www.untref.edu.ar/mundountref/tags/diplomatura-superior-en-análisis-institucional-y-organizaciones-educativas']
570,['https://www.untref.edu.ar/mundountref/tags/diplomatura-universitaria-en-ensenanza-del-ajedrez']
571,['https://www.untref.edu.ar/mundountref/tags/diplomaturas']
572,['https://www.untref.edu.ar/mundountref/tags/direccion-de-instituciones-educativas']
573,['https://www.untref.edu.ar/mundountref/tags/doc-untref']
574,['https://www.untref.edu.ar/mundountref/tags/docentes']
575,['https://www.untref.edu.ar/mundountref/tags/doctorado-en-derecho-del-trabajo']
576,['https://www.untref.edu.ar/mundountref/tags/doctorado-en-educacion']
577,['https://www.untref.edu.ar/mundountref/tags/doctorado-en-epistemologia-e-historia-de-la-ciencia']
578,['https://www.untref.edu.ar/mundountref/tags/doctorado-en-historia']
579,['https://www.untref.edu.ar/mundountref/tags/doctorado-en-política-y-gestion-de-la-educación-superior']
580,['https://www.untref.edu.ar/mundountref/tags/doctorado-en-teoria-comparada-de-las-artes']
581,['https://www.untref.edu.ar/mundountref/tags/documental']
582,['https://www.untref.edu.ar/mundountref/tags/economia']
583,['https://www.untref.edu.ar/mundountref/tags/educacion']
584,['https://www.untref.edu.ar/mundountref/tags/educacion-de-la-primera-infancia']
585,['https://www.untref.edu.ar/mundountref/tags/educacion-intercultural']
586,['https://www.untref.edu.ar/mundountref/tags/educacion-secundaria']
587,['https://www.untref.edu.ar/mundountref/tags/eduntref']
588,['https://www.untref.edu.ar/mundountref/tags/enfermeria-2']
589,['https://www.untref.edu.ar/mundountref/tags/enfermeria']
590,['https://www.untref.edu.ar/mundountref/tags/ensenanza-de-baile-de-tango']
591,['https://www.untref.edu.ar/mundountref/tags/ensenanza-superior-en-ciencias-de-la-salud']
592,['https://www.untref.edu.ar/mundountref/tags/entrevistas']
593,['https://www.untref.edu.ar/mundountref/tags/escritura-creativa']
594,['https://www.untref.edu.ar/mundountref/tags/especializacion-en-diseno-conceptual']
595,['https://www.untref.edu.ar/mundountref/tags/especializacion-en-docencia-universitaria']
596,['https://www.untref.edu.ar/mundountref/tags/especializacion-en-economia-y-negocios-con-asia-del-pacifico-e-india']
597,['https://www.untref.edu.ar/mundountref/tags/estudios-afroamericanos']
598,['https://www.untref.edu.ar/mundountref/tags/estudios-arabes-americano-arabes-e-islamicos']
599,['https://www.untref.edu.ar/mundountref/tags/especializacion-en-estudios-indoamericanos']
600,['https://www.untref.edu.ar/mundountref/tags/estudios-judaicos-y-judeoamericanos']
601,['https://www.untref.edu.ar/mundountref/tags/especializacion-en-gestion-de-la-tecnologia-y-la-innovacion']
602,['https://www.untref.edu.ar/mundountref/tags/especializacion-en-gestion-de-lenguas']
603,['https://www.untref.edu.ar/mundountref/tags/especializacion-en-gestion-logistica-calidad-y-comercio-internacional-con-orientacion-en-alimentos']
604,['https://www.untref.edu.ar/mundountref/tags/especializacion-en-gestion-para-la-defensa']
605,['https://www.untref.edu.ar/mundountref/tags/especializacion-en-gestion-publica']
606,['https://www.untref.edu.ar/mundountref/tags/especializacion-en-industrias-culturales-en-la-convergencia-digital-2']
607,['https://www.untref.edu.ar/mundountref/tags/especializacion-en-infancia-temprana-y-practicas-institucionales']
608,['https://www.untref.edu.ar/mundountref/tags/especializacion-en-intervencion-y-gestion-gerontologica']
609,['https://www.untref.edu.ar/mundountref/tags/especializacion-en-politicas-agroalimentarias']
610,['https://www.untref.edu.ar/mundountref/tags/especializacion-en-politicas-sociales-urbanas']
611,['https://www.untref.edu.ar/mundountref/tags/especializacion-en-tributacion-local']
612,['https://www.untref.edu.ar/mundountref/tags/orientacion-vocacional-y-educativa']
613,['https://www.untref.edu.ar/mundountref/tags/especializacion-y-diplomatura-en-derechos-humanos']
614,['https://www.untref.edu.ar/mundountref/tags/especializacion-y-maestria-en-curaduria-en-artes-visuales']
615,['https://www.untref.edu.ar/mundountref/tags/estacion-untref']
616,['https://www.untref.edu.ar/mundountref/tags/estadistica']
617,['https://www.untref.edu.ar/mundountref/tags/estadistica-1']
618,['https://www.untref.edu.ar/mundountref/tags/estadistica-2']
619,['https://www.untref.edu.ar/mundountref/tags/estrenos']
620,['https://www.untref.edu.ar/mundountref/tags/eventos']
621,['https://www.untref.edu.ar/mundountref/tags/extension']
622,['https://www.untref.edu.ar/mundountref/tags/festival']
623,['https://www.untref.edu.ar/mundountref/tags/ficcion']
624,['https://www.untref.edu.ar/mundountref/tags/filosofia']
625,['https://www.untref.edu.ar/mundountref/tags/flisol']
626,['https://www.untref.edu.ar/mundountref/tags/fotografia']
627,['https://www.untref.edu.ar/mundountref/tags/futbol']
628,['https://www.untref.edu.ar/mundountref/tags/galeria-de-fotos']
629,['https://www.untref.edu.ar/mundountref/tags/genero']
630,['https://www.untref.edu.ar/mundountref/tags/genocidio']
631,['https://www.untref.edu.ar/mundountref/tags/geografia-complementacion']
632,['https://www.untref.edu.ar/mundountref/tags/geografia']
633,['https://www.untref.edu.ar/mundountref/tags/diplomatura-en-gestion-de-calidad-en-instituciones-de-salud']
634,['https://www.untref.edu.ar/mundountref/tags/gestion-del-arte-y-la-cultura']
635,['https://www.untref.edu.ar/mundountref/tags/gestion-del-deporte-complementacion']
636,['https://www.untref.edu.ar/mundountref/tags/gestion-educativa']
637,['https://www.untref.edu.ar/mundountref/tags/gestion-y-docencia-para-la-educacion-superior']
638,['https://www.untref.edu.ar/mundountref/tags/gestion-y-evaluacion-de-instituciones-educativas']
639,['https://www.untref.edu.ar/mundountref/tags/graduados']
640,['https://www.untref.edu.ar/mundountref/tags/hibridos']
641,['https://www.untref.edu.ar/mundountref/tags/higiene-y-seguridad-del-trabajo']
642,['https://www.untref.edu.ar/mundountref/tags/historia']
643,['https://www.untref.edu.ar/mundountref/tags/hockey']
644,['https://www.untref.edu.ar/mundountref/tags/honoris-causa']
645,['https://www.untref.edu.ar/mundountref/tags/iiac']
646,['https://www.untref.edu.ar/mundountref/tags/infancia']
647,['https://www.untref.edu.ar/mundountref/tags/ingenieria']
648,['https://www.untref.edu.ar/mundountref/tags/ingenieria-ambiental']
649,['https://www.untref.edu.ar/mundountref/tags/ingenieria-de-sonido']
650,['https://www.untref.edu.ar/mundountref/tags/ingenieria-en-computacion']
651,['https://www.untref.edu.ar/mundountref/tags/institucional']
652,['https://www.untref.edu.ar/mundountref/tags/instituto-tag-test']
653,['https://www.untref.edu.ar/mundountref/tags/instrumentacion-quirurgica']
654,['https://www.untref.edu.ar/mundountref/tags/internacional']
655,['https://www.untref.edu.ar/mundountref/tags/investigacion']
656,['https://www.untref.edu.ar/mundountref/tags/iommi']
657,['https://www.untref.edu.ar/mundountref/tags/libro']
658,['https://www.untref.edu.ar/mundountref/tags/literatura']
659,['https://www.untref.edu.ar/mundountref/tags/logistica']
660,['https://www.untref.edu.ar/mundountref/tags/maestria']
661,['https://www.untref.edu.ar/mundountref/tags/maestria-en-abogacia-del-estado']
662,['https://www.untref.edu.ar/mundountref/tags/maestria-en-analisis-politico']
663,['https://www.untref.edu.ar/mundountref/tags/maestria-en-creacion-musical-nuevas-tecnologias-y-artes-tradicionales']
664,['https://www.untref.edu.ar/mundountref/tags/maestria-en-derecho-del-trabajo-y-relaciones-laborales-internacionales']
665,['https://www.untref.edu.ar/mundountref/tags/maestría-en-derechos-humanos-estado-y-sociedad']
666,['https://www.untref.edu.ar/mundountref/tags/maestria-en-diversidad-cultural']
667,['https://www.untref.edu.ar/mundountref/tags/maestria-en-ensenanza-de-la-historia']
668,['https://www.untref.edu.ar/mundountref/tags/maestria-en-epistemologia-e-historia-de-la-ciencia']
669,['https://www.untref.edu.ar/mundountref/tags/maestria-en-escritura-creativa']
670,['https://www.untref.edu.ar/mundountref/tags/maestria-en-escritura-creativa-trabajos']
671,['https://www.untref.edu.ar/mundountref/tags/maestria-en-estudios-literarios-latinoamericanos']
672,['https://www.untref.edu.ar/mundountref/tags/maestria-en-estudios-y-politicas-de-genero']
673,['https://www.untref.edu.ar/mundountref/tags/maestria-en-generacion-y-analisis-de-informacion-estadistica']
674,['https://www.untref.edu.ar/mundountref/tags/maestria-en-gestion-de-lenguas']
675,['https://www.untref.edu.ar/mundountref/tags/maestria-en-gestion-y-evaluacion-de-la-educacion']
676,['https://www.untref.edu.ar/mundountref/tags/maestria-en-historia']
677,['https://www.untref.edu.ar/mundountref/tags/maestria-en-integracion-latinoamericana']
678,['https://www.untref.edu.ar/mundountref/tags/maestria-en-metodologia-de-la-investigacion-social-2']
679,['https://www.untref.edu.ar/mundountref/tags/maestria-en-periodismo-documental']
680,['https://www.untref.edu.ar/mundountref/tags/maestria-en-politicas-sociales-urbanas']
681,['https://www.untref.edu.ar/mundountref/tags/maestria-en-politicas-y-administracion-de-la-educacion']
682,['https://www.untref.edu.ar/mundountref/tags/maestria-en-politicas-y-gestion-de-las-migraciones-internacionales']
683,['https://www.untref.edu.ar/mundountref/tags/maestria-en-relaciones-comerciales-internacionales']
684,['https://www.untref.edu.ar/mundountref/tags/maestria-en-sociologia-politica-internacional']
685,['https://www.untref.edu.ar/mundountref/tags/maestria-en-tecnologia-y-estetica-de-las-artes-electronicas']
686,['https://www.untref.edu.ar/mundountref/tags/maestria-en-teoria-social-e-investigacion-empirica']
687,['https://www.untref.edu.ar/mundountref/tags/migraciones']
688,['https://www.untref.edu.ar/mundountref/tags/mucho-mas-untref']
689,['https://www.untref.edu.ar/mundountref/tags/muestras']
690,['https://www.untref.edu.ar/mundountref/tags/muntref']
691,['https://www.untref.edu.ar/mundountref/tags/musica']
692,['https://www.untref.edu.ar/mundountref/tags/musica-autoctona-clasica-y-popular-de-america']
693,['https://www.untref.edu.ar/mundountref/tags/natacion']
694,['https://www.untref.edu.ar/mundountref/tags/neo-media-lab']
695,['https://www.untref.edu.ar/mundountref/tags/nifede']
696,['https://www.untref.edu.ar/mundountref/tags/licenciatura-en-nutricion']
697,['https://www.untref.edu.ar/mundountref/tags/nutricion']
698,['https://www.untref.edu.ar/mundountref/tags/oiant']
699,['https://www.untref.edu.ar/mundountref/tags/orquesta']
700,['https://www.untref.edu.ar/mundountref/tags/pandemia']
701,['https://www.untref.edu.ar/mundountref/tags/periodismo-documental']
702,['https://www.untref.edu.ar/mundountref/tags/planeamiento-y-gestion-de-la-educacion']
703,['https://www.untref.edu.ar/mundountref/tags/podcast']
704,['https://www.untref.edu.ar/mundountref/tags/podcast-1']
705,['https://www.untref.edu.ar/mundountref/tags/podcast-2']
706,['https://www.untref.edu.ar/mundountref/tags/posgrado-en-administracion-tributaria-subnacional']
707,['https://www.untref.edu.ar/mundountref/tags/posgrado-en-economia-social-y-direccion-de-entidades-sin-fines-de-lucro']
708,['https://www.untref.edu.ar/mundountref/tags/posgrado-en-logistica-y-calidad-de-los-alimentos']
709,['https://www.untref.edu.ar/mundountref/tags/posgrado-en-gestion-logistica-y-comercio-internacional-con-orientacion-en-alimentos']
710,['https://www.untref.edu.ar/mundountref/tags/posgrado-en-tratamiento-de-adicciones-toxicas-y-no-toxicas']
711,['https://www.untref.edu.ar/mundountref/tags/posgrado-tag-test']
712,['https://www.untref.edu.ar/mundountref/tags/posgrados']
713,['https://www.untref.edu.ar/mundountref/tags/premios']
714,['https://www.untref.edu.ar/mundountref/tags/produccion-audiovisual']
715,['https://www.untref.edu.ar/mundountref/tags/profesorado-en-geografia-complementacion']
716,['https://www.untref.edu.ar/mundountref/tags/profesorado-en-historia']
717,['https://www.untref.edu.ar/mundountref/tags/licenciatura-en-proteccion-civil-y-emergencias']
718,['https://www.untref.edu.ar/mundountref/tags/proyectos']
719,['https://www.untref.edu.ar/mundountref/tags/psicomotricidad']
720,['https://www.untref.edu.ar/mundountref/tags/publicaciones']
721,['https://www.untref.edu.ar/mundountref/tags/pueblos-originarios']
722,['https://www.untref.edu.ar/mundountref/tags/realidad-virtual']
723,['https://www.untref.edu.ar/mundountref/tags/reconocimientos']
724,['https://www.untref.edu.ar/mundountref/tags/relaciones-comerciales-internacionales']
725,['https://www.untref.edu.ar/mundountref/tags/resolucion-de-conflictos-y-mediacion']
726,['https://www.untref.edu.ar/mundountref/tags/ribei']
727,['https://www.untref.edu.ar/mundountref/tags/rugby']
728,['https://www.untref.edu.ar/mundountref/tags/salud']
729,['https://www.untref.edu.ar/mundountref/tags/secundaria']
730,['https://www.untref.edu.ar/mundountref/tags/seminario']
731,['https://www.untref.edu.ar/mundountref/tags/series-web']
732,['https://www.untref.edu.ar/mundountref/tags/sistemas-de-informacion-geografica']
733,['https://www.untref.edu.ar/mundountref/tags/sociedad']
734,['https://www.untref.edu.ar/mundountref/tags/sociologia']
735,['https://www.untref.edu.ar/mundountref/tags/soevo']
736,['https://www.untref.edu.ar/mundountref/tags/solidaridad']
737,['https://www.untref.edu.ar/mundountref/tags/sonido']
738,['https://www.untref.edu.ar/mundountref/tags/taller']
739,['https://www.untref.edu.ar/mundountref/tags/tango']
740,['https://www.untref.edu.ar/mundountref/tags/teatro']
741,['https://www.untref.edu.ar/mundountref/tags/tecnologia']
742,['https://www.untref.edu.ar/mundountref/tags/tips']
743,['https://www.untref.edu.ar/mundountref/tags/torneos']
744,['https://www.untref.edu.ar/mundountref/tags/trayectorias']
745,['https://www.untref.edu.ar/mundountref/tags/un3']
746,['https://www.untref.edu.ar/mundountref/tags/unesco']
747,['https://www.untref.edu.ar/mundountref/tags/untref-media']
748,['https://www.untref.edu.ar/mundountref/tags/untref-saludable']
749,['https://www.untref.edu.ar/mundountref/tags/untref-sonoro']
750,['https://www.untref.edu.ar/mundountref/tags/untref-virtual']
751,['https://www.untref.edu.ar/mundountref/tags/videojuegos']
752,['https://www.untref.edu.ar/mundountref/tags/visitas']
753,['https://www.untref.edu.ar/mundountref/tags/voley']
754,['https://www.untref.edu.ar/mundountref/tags/xirgu']
